nom,date,contacts_seen,cumulative_confirmed_cases,cumulative_confirmed_deaths,cumulative_contacts_isolated,cumulative_contacts_traced,cumulative_suspected_cases,cumulative_suspected_deaths,hosp_escaped,hospitalised,in_bed_previous_day,national_cumulative_confirmed_cases,national_cumulative_confirmed_deaths,national_cumulative_recovered_cases,national_cumulative_suspected_cases,national_cumulative_suspected_deaths,national_suspected_cases_in_isolation,national_suspected_cases_under_investigation,new_confirmed_cases,new_contacts_isolated,new_contacts_listed,new_hosp_admissions,new_hosp_detainees,new_hosp_other,new_suspected_cases,new_suspected_deaths,total_poe_hand_washing,total_poe_passed,total_poe_refused_hand_washing,total_poe_refused_screening,total_poe_sanitised,total_poe_screened
Adi,2026-05-22,,,,5.0,,,,,,,,,,,,,,,5.0,,,,,,,,,,,,
Ariwara,2026-07-11,,1.0,1.0,,,,,,,,,,,,,,,,,,,,,,,,,,,,
Aru,2026-05-20,,,,,,,,,,,,,,,,,,,,,,,,,,718.0,718.0,0.0,0.0,718.0,718.0
Aru,2026-05-22,,1.0,,,0.0,3.0,,,,,,,,,,,,1.0,,0.0,,,,3.0,0.0,1010.0,1143.0,133.0,133.0,1143.0,1010.0
Aru,2026-05-23,,1.0,,1.0,0.0,4.0,1.0,0.0,2.0,2.0,,,,,,,,,1.0,,0.0,0.0,0.0,1.0,1.0,1010.0,1143.0,133.0,133.0,1143.0,1010.0
Aru,2026-05-24,,1.0,,,0.0,4.0,1.0,0.0,2.0,2.0,,,,,,,,0.0,,0.0,0.0,0.0,0.0,,0.0,,,,,,
Aru,2026-05-25,,1.0,,,0.0,4.0,1.0,,,,,,,,,,,0.0,,0.0,,,,0.0,0.0,,,,,,
Aru,2026-05-26,,1.0,,,0.0,4.0,1.0,,,,,,,,,,,0.0,,0.0,,,,0.0,0.0,,,,,,
Aru,2026-05-27,,1.0,,,0.0,4.0,1.0,,,,,,,,,,,0.0,,0.0,,,,,,,,,,,
Aru,2026-05-28,,2.0,1.0,,0.0,4.0,1.0,,,,,,,,,,,,,,,,,,,,,,,,
Aru,2026-05-29,,2.0,1.0,,0.0,4.0,1.0,0.0,2.0,2.0,,,,,,,,0.0,,107.0,,0.0,,,,,,,,,
Aru,2026-05-30,,2.0,1.0,,0.0,4.0,1.0,0.0,5.0,5.0,,,,,,,,,,,,0.0,,,,,,,,,
Aru,2026-06-01,,2.0,1.0,,,,,,,,,,,,,,,0.0,,,,,,,,,,,,,
Aru,2026-06-02,,2.0,1.0,,,,,,,,,,,,,,,,,,,,,,,,,,,,
Aru,2026-06-03,,2.0,1.0,,,,,,,,,,,,,,,,,,,,,,,,,,,,
Aru,2026-06-04,,3.0,1.0,,,,,,,,,,,,,,,,,,,,,,,,,,,,
Aru,2026-06-05,,3.0,1.0,,,,,,,,,,,,,,,,,,,,,,,,,,,,
Aru,2026-06-06,,3.0,1.0,,,,,,,,,,,,,,,,,,,,,,,,,,,,
Aru,2026-06-07,,3.0,1.0,,,,,,,,,,,,,,,,,,,,,,,,,,,,
Aru,2026-06-08,,3.0,1.0,,,,,,,,,,,,,,,,,,,,,,,,,,,,
Aru,2026-06-09,,3.0,1.0,,,,,,,,,,,,,,,,,,,,,,,,,,,,
Aru,2026-06-10,,3.0,1.0,,,,,,,,,,,,,,,,,,,,,,,,,,,,
Aru,2026-06-11,,3.0,1.0,,,,,,,,,,,,,,,,,,,,,,,,,,,,
Aru,2026-06-13,,3.0,1.0,,,,,,,,,,,,,,,,,,,,,,,,,,,,
Aru,2026-06-14,,3.0,1.0,,,,,,,,,,,,,,,,,,,,,,,,,,,,
Aru,2026-06-15,,3.0,1.0,,,,,,,,,,,,,,,,,,,,,,,,,,,,
Aru,2026-06-16,,3.0,,,,,,,,,,,,,,,,,,,,,,,,,,,,,
Aru,2026-06-17,,3.0,1.0,,,,,,,,,,,,,,,,,,,,,,,,,,,,
Aru,2026-06-18,,3.0,1.0,,,,,,,,,,,,,,,,,,,,,,,,,,,,
Aru,2026-06-19,,3.0,1.0,,,,,,,,,,,,,,,,,,,,,,,,,,,,
Aru,2026-06-20,,3.0,1.0,,,,,,,,,,,,,,,,,,,,,,,,,,,,
Aru,2026-06-21,,3.0,1.0,,,,,,,,,,,,,,,,,,,,,,,,,,,,
Aru,2026-06-22,,3.0,1.0,,,,,,,,,,,,,,,,,,,,,,,,,,,,
Aru,2026-06-23,,3.0,1.0,,,,,,,,,,,,,,,,,,,,,,,,,,,,
Aru,2026-06-24,,3.0,1.0,,,,,,,,,,,,,,,,,,,,,,,,,,,,
Aru,2026-06-25,,3.0,1.0,,,,,,,,,,,,,,,,,,,,,,,,,,,,
Aru,2026-06-29,,3.0,1.0,,,,,,,,,,,,,,,,,,,,,,,,,,,,
Aru,2026-06-30,,3.0,1.0,,,,,,,,,,,,,,,,,,,,,,,,,,,,
Aru,2026-07-01,,3.0,1.0,,,,,,,,,,,,,,,,,,,,,,,,,,,,
Aru,2026-07-02,,3.0,1.0,,,,,,,,,,,,,,,,,,,,,,,,,,,,
Aru,2026-07-03,,3.0,1.0,,,,,,,,,,,,,,,,,,,,,,,,,,,,
Aru,2026-07-04,,3.0,1.0,,,,,,,,,,,,,,,,,,,,,,,,,,,,
Aru,2026-07-05,,3.0,1.0,,,,,,,,,,,,,,,,,,,,,,,,,,,,
Aru,2026-07-06,,3.0,1.0,,,,,,,,,,,,,,,,,,,,,,,,,,,,
Aru,2026-07-07,,3.0,1.0,,,,,,,,,,,,,,,,,,,,,,,,,,,,
Aru,2026-07-08,,3.0,1.0,,,,,,,,,,,,,,,,,,,,,,,,,,,,
Aru,2026-07-09,,3.0,1.0,,,,,,,,,,,,,,,,,,,,,,,,,,,,
Aru,2026-07-10,,3.0,1.0,,,,,,,,,,,,,,,,,,,,,,,,,,,,
Aru,2026-07-11,,3.0,1.0,,,,,,,,,,,,,,,,,,,,,,,,,,,,
Aungba,2026-05-28,,1.0,0.0,,,,,,,,,,,,,,,,,,,,,,,,,,,,
Aungba,2026-05-29,,1.0,0.0,,,,,,,,,,,,,,,0.0,,,,,,,,,,,,,
Aungba,2026-05-30,,1.0,0.0,,,,,,,,,,,,,,,,,,,,,,,,,,,,
Aungba,2026-06-01,,1.0,0.0,,,,,,,,,,,,,,,0.0,,,,,,,,,,,,,
Aungba,2026-06-02,,1.0,0.0,,,,,,,,,,,,,,,,,,,,,,,,,,,,
Aungba,2026-06-03,,1.0,0.0,,,,,,,,,,,,,,,,,,,,,,,,,,,,
Aungba,2026-06-04,,1.0,0.0,,,,,,,,,,,,,,,,,,,,,,,,,,,,
Aungba,2026-06-05,,1.0,0.0,,,,,,,,,,,,,,,,,,,,,,,,,,,,
Aungba,2026-06-06,,1.0,0.0,,,,,,,,,,,,,,,,,,,,,,,,,,,,
Aungba,2026-06-07,,1.0,0.0,,,,,,,,,,,,,,,,,,,,,,,,,,,,
Aungba,2026-06-08,,2.0,1.0,,,,,,,,,,,,,,,,,,,,,,,,,,,,
Aungba,2026-06-09,,2.0,1.0,,,,,,,,,,,,,,,,,,,,,,,,,,,,
Aungba,2026-06-10,,2.0,1.0,,,,,,,,,,,,,,,,,,,,,,,,,,,,
Aungba,2026-06-11,,2.0,1.0,,,,,,,,,,,,,,,,,,,,,,,,,,,,
Aungba,2026-06-13,,2.0,1.0,,,,,,,,,,,,,,,,,,,,,,,,,,,,
Aungba,2026-06-14,,2.0,1.0,,,,,,,,,,,,,,,,,,,,,,,,,,,,
Aungba,2026-06-15,,2.0,1.0,,,,,,,,,,,,,,,,,,,,,,,,,,,,
Aungba,2026-06-16,,2.0,,,,,,,,,,,,,,,,,,,,,,,,,,,,,
Aungba,2026-06-17,,4.0,1.0,,,,,,,,,,,,,,,,,,,,,,,,,,,,
Aungba,2026-06-18,,6.0,2.0,,,,,,,,,,,,,,,,,,,,,,,,,,,,
Aungba,2026-06-19,,6.0,2.0,,,,,,,,,,,,,,,,,,,,,,,,,,,,
Aungba,2026-06-20,,6.0,2.0,,,,,,,,,,,,,,,,,,,,,,,,,,,,
Aungba,2026-06-21,,6.0,2.0,,,,,,,,,,,,,,,,,,,,,,,,,,,,
Aungba,2026-06-22,,6.0,2.0,,,,,,,,,,,,,,,,,,,,,,,,,,,,
Aungba,2026-06-23,,6.0,2.0,,,,,,,,,,,,,,,,,,,,,,,,,,,,
Aungba,2026-06-24,,6.0,2.0,,,,,,,,,,,,,,,,,,,,,,,,,,,,
Aungba,2026-06-25,,6.0,2.0,,,,,,,,,,,,,,,,,,,,,,,,,,,,
Aungba,2026-06-29,,6.0,2.0,,,,,,,,,,,,,,,,,,,,,,,,,,,,
Aungba,2026-06-30,,6.0,2.0,,,,,,,,,,,,,,,,,,,,,,,,,,,,
Aungba,2026-07-01,,6.0,2.0,,,,,,,,,,,,,,,,,,,,,,,,,,,,
Aungba,2026-07-02,,6.0,2.0,,,,,,,,,,,,,,,,,,,,,,,,,,,,
Aungba,2026-07-03,,6.0,2.0,,,,,,,,,,,,,,,,,,,,,,,,,,,,
Aungba,2026-07-04,,6.0,2.0,,,,,,,,,,,,,,,,,,,,,,,,,,,,
Aungba,2026-07-05,,6.0,2.0,,,,,,,,,,,,,,,,,,,,,,,,,,,,
Aungba,2026-07-06,,6.0,2.0,,,,,,,,,,,,,,,,,,,,,,,,,,,,
Aungba,2026-07-07,,6.0,2.0,,,,,,,,,,,,,,,,,,,,,,,,,,,,
Aungba,2026-07-08,,6.0,2.0,,,,,,,,,,,,,,,,,,,,,,,,,,,,
Aungba,2026-07-09,,6.0,2.0,,,,,,,,,,,,,,,,,,,,,,,,,,,,
Aungba,2026-07-10,,6.0,2.0,,,,,,,,,,,,,,,,,,,,,,,,,,,,
Aungba,2026-07-11,,6.0,2.0,,,,,,,,,,,,,,,,,,,,,,,,,,,,
Bambu,2026-05-20,,1.0,,,128.0,2.0,,,,,,,,,,,,1.0,,128.0,,,,2.0,,,,,,,
Bambu,2026-05-21,,1.0,0.0,,,2.0,0.0,,,,,,,,,,,0.0,,,,,,0.0,0.0,,,,,,
Bambu,2026-05-22,,1.0,0.0,,,4.0,0.0,,,,,,,,,,,0.0,0.0,,,,,2.0,0.0,,,,,,
Bambu,2026-05-23,,0.0,0.0,,183.0,6.0,2.0,,,,,,,,,,,0.0,,55.0,,,,2.0,2.0,,,,,,
Bambu,2026-05-24,,2.0,0.0,,183.0,6.0,2.0,0.0,2.0,2.0,,,,,,,,,,0.0,0.0,0.0,0.0,,,,,,,,
Bambu,2026-05-25,,0.0,,,183.0,6.0,2.0,,,,,,,,,,,,,0.0,,,,0.0,0.0,,,,,,
Bambu,2026-05-26,,0.0,0.0,,183.0,10.0,2.0,,,,,,,,,,,0.0,,0.0,,,,4.0,0.0,,,,,,
Bambu,2026-05-27,,0.0,0.0,,244.0,6.0,2.0,0.0,,,,,,,,,,0.0,,61.0,6.0,0.0,3.0,,,,,,,,
Bambu,2026-05-28,,2.0,2.0,,244.0,14.0,3.0,,,,,,,,,,,,,,,,,,,,,,,,
Bambu,2026-05-29,,2.0,2.0,,345.0,14.0,3.0,11.0,5.0,12.0,,,,,,,,0.0,,323.0,,0.0,,8.0,1.0,,,,,,
Bambu,2026-05-30,,2.0,2.0,,345.0,14.0,3.0,0.0,10.0,5.0,,,,,,,,,,,,1.0,,,,,,,,,
Bambu,2026-06-01,,2.0,2.0,,,,,,,,,,,,,,,0.0,,,,,,,,,,,,,
Bambu,2026-06-02,,2.0,2.0,,,,,,,,,,,,,,,,,,,,,,,,,,,,
Bambu,2026-06-03,,2.0,2.0,,,,,,,,,,,,,,,,,,,,,,,,,,,,
Bambu,2026-06-04,,5.0,2.0,,,,,,,,,,,,,,,,,,,,,,,,,,,,
Bambu,2026-06-05,,5.0,2.0,,,,,,,,,,,,,,,,,,,,,,,,,,,,
Bambu,2026-06-06,,5.0,2.0,,,,,,,,,,,,,,,,,,,,,,,,,,,,
Bambu,2026-06-07,,5.0,2.0,,,,,,,,,,,,,,,,,,,,,,,,,,,,
Bambu,2026-06-08,,5.0,2.0,,,,,,,,,,,,,,,,,,,,,,,,,,,,
Bambu,2026-06-09,,5.0,2.0,,,,,,,,,,,,,,,,,,,,,,,,,,,,
Bambu,2026-06-10,,7.0,2.0,,,,,,,,,,,,,,,,,,,,,,,,,,,,
Bambu,2026-06-11,,7.0,2.0,,,,,,,,,,,,,,,,,,,,,,,,,,,,
Bambu,2026-06-13,,7.0,2.0,,,,,,,,,,,,,,,,,,,,,,,,,,,,
Bambu,2026-06-14,,7.0,2.0,,,,,,,,,,,,,,,,,,,,,,,,,,,,
Bambu,2026-06-15,,7.0,2.0,,,,,,,,,,,,,,,,,,,,,,,,,,,,
Bambu,2026-06-16,,7.0,,,,,,,,,,,,,,,,,,,,,,,,,,,,,
Bambu,2026-06-17,,9.0,2.0,,,,,,,,,,,,,,,,,,,,,,,,,,,,
Bambu,2026-06-18,,9.0,2.0,,,,,,,,,,,,,,,,,,,,,,,,,,,,
Bambu,2026-06-19,,9.0,2.0,,,,,,,,,,,,,,,,,,,,,,,,,,,,
Bambu,2026-06-20,,14.0,2.0,,,,,,,,,,,,,,,,,,,,,,,,,,,,
Bambu,2026-06-21,,14.0,2.0,,,,,,,,,,,,,,,,,,,,,,,,,,,,
Bambu,2026-06-22,,14.0,2.0,,,,,,,,,,,,,,,,,,,,,,,,,,,,
Bambu,2026-06-23,,14.0,2.0,,,,,,,,,,,,,,,,,,,,,,,,,,,,
Bambu,2026-06-24,,14.0,2.0,,,,,,,,,,,,,,,,,,,,,,,,,,,,
Bambu,2026-06-25,,14.0,3.0,,,,,,,,,,,,,,,,,,,,,,,,,,,,
Bambu,2026-06-29,,16.0,4.0,,,,,,,,,,,,,,,,,,,,,,,,,,,,
Bambu,2026-06-30,,16.0,5.0,,,,,,,,,,,,,,,,,,,,,,,,,,,,
Bambu,2026-07-01,,16.0,5.0,,,,,,,,,,,,,,,,,,,,,,,,,,,,
Bambu,2026-07-02,,18.0,5.0,,,,,,,,,,,,,,,,,,,,,,,,,,,,
Bambu,2026-07-03,,18.0,5.0,,,,,,,,,,,,,,,,,,,,,,,,,,,,
Bambu,2026-07-04,,18.0,5.0,,,,,,,,,,,,,,,,,,,,,,,,,,,,
Bambu,2026-07-05,,25.0,6.0,,,,,,,,,,,,,,,,,,,,,,,,,,,,
Bambu,2026-07-06,,28.0,9.0,,,,,,,,,,,,,,,,,,,,,,,,,,,,
Bambu,2026-07-07,,28.0,9.0,,,,,,,,,,,,,,,,,,,,,,,,,,,,
Bambu,2026-07-08,,29.0,10.0,,,,,,,,,,,,,,,,,,,,,,,,,,,,
Bambu,2026-07-09,,29.0,10.0,,,,,,,,,,,,,,,,,,,,,,,,,,,,
Bambu,2026-07-10,,31.0,10.0,,,,,,,,,,,,,,,,,,,,,,,,,,,,
Bambu,2026-07-11,,31.0,10.0,,,,,,,,,,,,,,,,,,,,,,,,,,,,
Beni,2026-05-28,,2.0,0.0,,,,,,,,,,,,,,,,,,,,,,,,,,,,
Beni,2026-05-29,,2.0,0.0,,,,,,,,,,,,,,,,,,,,,,,,,,,,
Beni,2026-05-30,,2.0,0.0,,,,,,,,,,,,,,,,,,,,,,,,,,,,
Beni,2026-06-01,,5.0,3.0,,,,,,,,,,,,,,,3.0,,,,,,,,,,,,,
Beni,2026-06-02,,5.0,3.0,,,,,,,,,,,,,,,,,,,,,,,,,,,,
Beni,2026-06-03,,5.0,3.0,,,,,,,,,,,,,,,,,,,,,,,,,,,,
Beni,2026-06-04,,5.0,3.0,,,,,,,,,,,,,,,,,,,,,,,,,,,,
Beni,2026-06-05,,5.0,3.0,,,,,,,,,,,,,,,,,,,,,,,,,,,,
Beni,2026-06-06,,5.0,3.0,,,,,,,,,,,,,,,,,,,,,,,,,,,,
Beni,2026-06-07,,9.0,7.0,,,,,,,,,,,,,,,,,,,,,,,,,,,,
Beni,2026-06-08,,9.0,7.0,,,,,,,,,,,,,,,,,,,,,,,,,,,,
Beni,2026-06-09,,9.0,7.0,,,,,,,,,,,,,,,,,,,,,,,,,,,,
Beni,2026-06-10,,9.0,7.0,,,,,,,,,,,,,,,,,,,,,,,,,,,,
Beni,2026-06-11,,9.0,5.0,,,,,,,,,,,,,,,,,,,,,,,,,,,,
Beni,2026-06-13,,14.0,10.0,,,,,,,,,,,,,,,,,,,,,,,,,,,,
Beni,2026-06-14,,14.0,10.0,,,,,,,,,,,,,,,,,,,,,,,,,,,,
Beni,2026-06-15,,14.0,10.0,,,,,,,,,,,,,,,,,,,,,,,,,,,,
Beni,2026-06-16,,14.0,,,,,,,,,,,,,,,,,,,,,,,,,,,,,
Beni,2026-06-17,,15.0,12.0,,,,,,,,,,,,,,,,,,,,,,,,,,,,
Beni,2026-06-18,,16.0,12.0,,,,,,,,,,,,,,,,,,,,,,,,,,,,
Beni,2026-06-19,,16.0,12.0,,,,,,,,,,,,,,,,,,,,,,,,,,,,
Beni,2026-06-20,,17.0,12.0,,,,,,,,,,,,,,,,,,,,,,,,,,,,
Beni,2026-06-21,,18.0,12.0,,,,,,,,,,,,,,,,,,,,,,,,,,,,
Beni,2026-06-22,,20.0,12.0,,,,,,,,,,,,,,,,,,,,,,,,,,,,
Beni,2026-06-23,,20.0,12.0,,,,,,,,,,,,,,,,,,,,,,,,,,,,
Beni,2026-06-24,,20.0,12.0,,,,,,,,,,,,,,,,,,,,,,,,,,,,
Beni,2026-06-25,,22.0,13.0,,,,,,,,,,,,,,,,,,,,,,,,,,,,
Beni,2026-06-29,,22.0,14.0,,,,,,,,,,,,,,,,,,,,,,,,,,,,
Beni,2026-06-30,,24.0,15.0,,,,,,,,,,,,,,,,,,,,,,,,,,,,
Beni,2026-07-01,,26.0,15.0,,,,,,,,,,,,,,,,,,,,,,,,,,,,
Beni,2026-07-02,,28.0,16.0,,,,,,,,,,,,,,,,,,,,,,,,,,,,
Beni,2026-07-03,,29.0,17.0,,,,,,,,,,,,,,,,,,,,,,,,,,,,
Beni,2026-07-04,,29.0,17.0,,,,,,,,,,,,,,,,,,,,,,,,,,,,
Beni,2026-07-05,,29.0,17.0,,,,,,,,,,,,,,,,,,,,,,,,,,,,
Beni,2026-07-06,,29.0,19.0,,,,,,,,,,,,,,,,,,,,,,,,,,,,
Beni,2026-07-07,,29.0,19.0,,,,,,,,,,,,,,,,,,,,,,,,,,,,
Beni,2026-07-08,,29.0,19.0,,,,,,,,,,,,,,,,,,,,,,,,,,,,
Beni,2026-07-09,,30.0,20.0,,,,,,,,,,,,,,,,,,,,,,,,,,,,
Beni,2026-07-10,,30.0,20.0,,,,,,,,,,,,,,,,,,,,,,,,,,,,
Beni,2026-07-11,,30.0,20.0,,,,,,,,,,,,,,,,,,,,,,,,,,,,
Boga,2026-07-06,,1.0,1.0,,,,,,,,,,,,,,,,,,,,,,,,,,,,
Boga,2026-07-07,,1.0,1.0,,,,,,,,,,,,,,,,,,,,,,,,,,,,
Boga,2026-07-08,,1.0,1.0,,,,,,,,,,,,,,,,,,,,,,,,,,,,
Boga,2026-07-09,,1.0,1.0,,,,,,,,,,,,,,,,,,,,,,,,,,,,
Boga,2026-07-10,,1.0,1.0,,,,,,,,,,,,,,,,,,,,,,,,,,,,
Boga,2026-07-11,,1.0,1.0,,,,,,,,,,,,,,,,,,,,,,,,,,,,
Bunia,2026-05-15,,0.0,,4.0,,8.0,,,,,,,,,,,,0.0,4.0,,,,,8.0,,,,,,,
Bunia,2026-05-18,,6.0,,13.0,127.0,61.0,18.0,,,,,,,,,,,6.0,9.0,127.0,,,,53.0,18.0,,,,,,
Bunia,2026-05-19,3.0,6.0,0.0,43.0,203.0,90.0,23.0,,,,,,,,,,,0.0,30.0,76.0,,,,29.0,5.0,,,,,,
Bunia,2026-05-20,0.0,11.0,0.0,73.0,203.0,125.0,31.0,1.0,40.0,,,,,,,,,5.0,30.0,0.0,28.0,0.0,12.0,35.0,8.0,544.0,544.0,0.0,0.0,544.0,544.0
Bunia,2026-05-21,87.0,15.0,1.0,114.0,290.0,166.0,34.0,9.0,50.0,,,,,,,,,6.0,41.0,87.0,36.0,1.0,31.0,41.0,3.0,1473.0,1473.0,0.0,0.0,1473.0,1473.0
Bunia,2026-05-22,71.0,23.0,2.0,142.0,290.0,227.0,42.0,,44.0,33.0,,,,,,,,8.0,28.0,87.0,11.0,3.0,8.0,61.0,8.0,3256.0,3360.0,104.0,104.0,3360.0,3256.0
Bunia,2026-05-23,71.0,24.0,2.0,164.0,404.0,249.0,48.0,5.0,50.0,41.0,,,,,,,,1.0,22.0,43.0,9.0,3.0,6.0,22.0,6.0,3256.0,3360.0,104.0,104.0,3360.0,3256.0
Bunia,2026-05-24,,24.0,2.0,,404.0,249.0,48.0,4.0,53.0,44.0,,,,,,,,0.0,,0.0,9.0,3.0,6.0,,0.0,,,,,,
Bunia,2026-05-25,,24.0,2.0,,404.0,270.0,55.0,,,,,,,,,,,0.0,,0.0,,,,21.0,7.0,,,,,,
Bunia,2026-05-26,,36.0,2.0,,404.0,279.0,55.0,,,,,,,,,,,12.0,,0.0,,,,0.0,0.0,,,,,,
Bunia,2026-05-27,,37.0,2.0,,404.0,249.0,48.0,3.0,,,,,,,,,,1.0,,0.0,14.0,0.0,2.0,,,,,,,,
Bunia,2026-05-28,,80.0,8.0,,404.0,268.0,57.0,,,,,,,,,,,,,,,,,,,,,,,,
Bunia,2026-05-29,,80.0,8.0,,404.0,268.0,57.0,1.0,17.0,18.0,,,,,,,,21.0,,476.0,,0.0,,19.0,9.0,,,,,,
Bunia,2026-05-30,,80.0,8.0,,404.0,268.0,57.0,1.0,23.0,17.0,,,,,,,,,,,,0.0,,,,,,,,,
Bunia,2026-06-01,,80.0,8.0,,,,,,,,,,,,,,,6.0,,,,,,,,,,,,,
Bunia,2026-06-02,,85.0,8.0,,,,,,,,,,,,,,,,,,,,,,,,,,,,
Bunia,2026-06-03,,97.0,9.0,,,,,,,,,,,,,,,,,,,,,,,,,,,,
Bunia,2026-06-04,,123.0,11.0,,,,,,,,,,,,,,,,,,,,,,,,,,,,
Bunia,2026-06-05,,138.0,14.0,,,,,,,,,,,,,,,,,,,,,,,,,,,,
Bunia,2026-06-06,,142.0,14.0,,,,,,,,,,,,,,,,,,,,,,,,,,,,
Bunia,2026-06-07,,152.0,15.0,,,,,,,,,,,,,,,,,,,,,,,,,,,,
Bunia,2026-06-08,,163.0,15.0,,,,,,,,,,,,,,,,,,,,,,,,,,,,
Bunia,2026-06-09,,173.0,15.0,,,,,,,,,,,,,,,,,,,,,,,,,,,,
Bunia,2026-06-10,,185.0,17.0,,,,,,,,,,,,,,,,,,,,,,,,,,,,
Bunia,2026-06-11,,191.0,17.0,,,,,,,,,,,,,,,,,,,,,,,,,,,,
Bunia,2026-06-13,,212.0,20.0,,,,,,,,,,,,,,,,,,,,,,,,,,,,
Bunia,2026-06-14,,215.0,20.0,,,,,,,,,,,,,,,,,,,,,,,,,,,,
Bunia,2026-06-15,,215.0,20.0,,,,,,,,,,,,,,,,,,,,,,,,,,,,
Bunia,2026-06-16,,226.0,,,,,,,,,,,,,,,,,,,,,,,,,,,,,
Bunia,2026-06-17,,247.0,41.0,,,,,,,,,,,,,,,,,,,,,,,,,,,,
Bunia,2026-06-18,,253.0,42.0,,,,,,,,,,,,,,,,,,,,,,,,,,,,
Bunia,2026-06-19,,259.0,42.0,,,,,,,,,,,,,,,,,,,,,,,,,,,,
Bunia,2026-06-20,,275.0,44.0,,,,,,,,,,,,,,,,,,,,,,,,,,,,
Bunia,2026-06-21,,285.0,45.0,,,,,,,,,,,,,,,,,,,,,,,,,,,,
Bunia,2026-06-22,,296.0,48.0,,,,,,,,,,,,,,,,,,,,,,,,,,,,
Bunia,2026-06-23,,304.0,54.0,,,,,,,,,,,,,,,,,,,,,,,,,,,,
Bunia,2026-06-24,,314.0,60.0,,,,,,,,,,,,,,,,,,,,,,,,,,,,
Bunia,2026-06-25,,323.0,64.0,,,,,,,,,,,,,,,,,,,,,,,,,,,,
Bunia,2026-06-29,,358.0,82.0,,,,,,,,,,,,,,,,,,,,,,,,,,,,
Bunia,2026-06-30,,387.0,94.0,,,,,,,,,,,,,,,,,,,,,,,,,,,,
Bunia,2026-07-01,,416.0,103.0,,,,,,,,,,,,,,,,,,,,,,,,,,,,
Bunia,2026-07-02,,426.0,106.0,,,,,,,,,,,,,,,,,,,,,,,,,,,,
Bunia,2026-07-03,,431.0,112.0,,,,,,,,,,,,,,,,,,,,,,,,,,,,
Bunia,2026-07-04,,438.0,118.0,,,,,,,,,,,,,,,,,,,,,,,,,,,,
Bunia,2026-07-05,,452.0,121.0,,,,,,,,,,,,,,,,,,,,,,,,,,,,
Bunia,2026-07-06,,472.0,134.0,,,,,,,,,,,,,,,,,,,,,,,,,,,,
Bunia,2026-07-07,,483.0,137.0,,,,,,,,,,,,,,,,,,,,,,,,,,,,
Bunia,2026-07-08,,487.0,141.0,,,,,,,,,,,,,,,,,,,,,,,,,,,,
Bunia,2026-07-09,,495.0,149.0,,,,,,,,,,,,,,,,,,,,,,,,,,,,
Bunia,2026-07-10,,503.0,156.0,,,,,,,,,,,,,,,,,,,,,,,,,,,,
Bunia,2026-07-11,,507.0,160.0,,,,,,,,,,,,,,,,,,,,,,,,,,,,
Butembo,2026-05-18,,1.0,,,,1.0,,,,,,,,,,,,1.0,,,,,,1.0,,,,,,,
Butembo,2026-05-19,,1.0,,,,1.0,,,,,,,,,,,,0.0,,,,,,0.0,,,,,,,
Butembo,2026-05-20,,1.0,,,,7.0,0.0,,,,,,,,,,,0.0,,,,,,6.0,0.0,,,,,,
Butembo,2026-05-21,,2.0,0.0,,,7.0,0.0,,,,,,,,,,,1.0,,,,,,0.0,0.0,,,,,,
Butembo,2026-05-22,,2.0,0.0,,,7.0,0.0,,,,,,,,,,,0.0,,,,,,0.0,0.0,,,,,,
Butembo,2026-05-23,,1.0,0.0,,,7.0,0.0,,,,,,,,,,,,,,,,,,0.0,,,,,,
Butembo,2026-05-24,,3.0,0.0,,22.0,7.0,0.0,,,,,,,,,,,2.0,,22.0,,,,,0.0,,,,,,
Butembo,2026-05-25,,3.0,,,22.0,7.0,0.0,,,,,,,,,,,0.0,,0.0,,,,0.0,0.0,,,,,,
Butembo,2026-05-26,,3.0,0.0,,22.0,10.0,0.0,,,,,,,,,,,0.0,,0.0,,,,3.0,0.0,,,,,,
Butembo,2026-05-27,,5.0,0.0,,28.0,7.0,0.0,,,,,,,,,,,2.0,,6.0,,,,,,,,,,,
Butembo,2026-05-28,,5.0,2.0,,28.0,7.0,0.0,,,,,,,,,,,,,,,,,,,,,,,,
Butembo,2026-05-29,,5.0,2.0,,48.0,7.0,0.0,,,,,,,,,,,,,24.0,,,,,,,,,,,
Butembo,2026-05-30,,5.0,2.0,,48.0,7.0,0.0,,,,,,,,,,,,,,,,,,,,,,,,
Butembo,2026-06-01,,2.0,2.0,,,,,,,,,,,,,,,0.0,,,,,,,,,,,,,
Butembo,2026-06-02,,2.0,2.0,,,,,,,,,,,,,,,,,,,,,,,,,,,,
Butembo,2026-06-03,,2.0,2.0,,,,,,,,,,,,,,,,,,,,,,,,,,,,
Butembo,2026-06-04,,4.0,2.0,,,,,,,,,,,,,,,,,,,,,,,,,,,,
Butembo,2026-06-05,,4.0,2.0,,,,,,,,,,,,,,,,,,,,,,,,,,,,
Butembo,2026-06-06,,4.0,2.0,,,,,,,,,,,,,,,,,,,,,,,,,,,,
Butembo,2026-06-07,,4.0,2.0,,,,,,,,,,,,,,,,,,,,,,,,,,,,
Butembo,2026-06-08,,6.0,4.0,,,,,,,,,,,,,,,,,,,,,,,,,,,,
Butembo,2026-06-09,,6.0,4.0,,,,,,,,,,,,,,,,,,,,,,,,,,,,
Butembo,2026-06-10,,9.0,5.0,,,,,,,,,,,,,,,,,,,,,,,,,,,,
Butembo,2026-06-11,,7.0,5.0,,,,,,,,,,,,,,,,,,,,,,,,,,,,
Butembo,2026-06-13,,18.0,7.0,,,,,,,,,,,,,,,,,,,,,,,,,,,,
Butembo,2026-06-14,,19.0,7.0,,,,,,,,,,,,,,,,,,,,,,,,,,,,
Butembo,2026-06-15,,19.0,7.0,,,,,,,,,,,,,,,,,,,,,,,,,,,,
Butembo,2026-06-16,,24.0,,,,,,,,,,,,,,,,,,,,,,,,,,,,,
Butembo,2026-06-17,,25.0,11.0,,,,,,,,,,,,,,,,,,,,,,,,,,,,
Butembo,2026-06-18,,25.0,11.0,,,,,,,,,,,,,,,,,,,,,,,,,,,,
Butembo,2026-06-19,,25.0,11.0,,,,,,,,,,,,,,,,,,,,,,,,,,,,
Butembo,2026-06-20,,27.0,13.0,,,,,,,,,,,,,,,,,,,,,,,,,,,,
Butembo,2026-06-21,,28.0,13.0,,,,,,,,,,,,,,,,,,,,,,,,,,,,
Butembo,2026-06-22,,28.0,13.0,,,,,,,,,,,,,,,,,,,,,,,,,,,,
Butembo,2026-06-23,,29.0,13.0,,,,,,,,,,,,,,,,,,,,,,,,,,,,
Butembo,2026-06-24,,31.0,13.0,,,,,,,,,,,,,,,,,,,,,,,,,,,,
Butembo,2026-06-25,,33.0,14.0,,,,,,,,,,,,,,,,,,,,,,,,,,,,
Butembo,2026-06-29,,34.0,14.0,,,,,,,,,,,,,,,,,,,,,,,,,,,,
Butembo,2026-06-30,,34.0,15.0,,,,,,,,,,,,,,,,,,,,,,,,,,,,
Butembo,2026-07-01,,34.0,15.0,,,,,,,,,,,,,,,,,,,,,,,,,,,,
Butembo,2026-07-02,,38.0,16.0,,,,,,,,,,,,,,,,,,,,,,,,,,,,
Butembo,2026-07-03,,40.0,18.0,,,,,,,,,,,,,,,,,,,,,,,,,,,,
Butembo,2026-07-04,,40.0,18.0,,,,,,,,,,,,,,,,,,,,,,,,,,,,
Butembo,2026-07-05,,40.0,18.0,,,,,,,,,,,,,,,,,,,,,,,,,,,,
Butembo,2026-07-06,,41.0,20.0,,,,,,,,,,,,,,,,,,,,,,,,,,,,
Butembo,2026-07-07,,42.0,20.0,,,,,,,,,,,,,,,,,,,,,,,,,,,,
Butembo,2026-07-08,,42.0,20.0,,,,,,,,,,,,,,,,,,,,,,,,,,,,
Butembo,2026-07-09,,43.0,20.0,,,,,,,,,,,,,,,,,,,,,,,,,,,,
Butembo,2026-07-10,,43.0,20.0,,,,,,,,,,,,,,,,,,,,,,,,,,,,
Butembo,2026-07-11,,44.0,21.0,,,,,,,,,,,,,,,,,,,,,,,,,,,,
DRC,2026-05-14,,,,,,,,,,,8.0,4.0,,246.0,,,,,,,,,,,,,,,,,
DRC,2026-05-17,,,,,,,,,,,13.0,4.0,,246.0,,,,,,,,,,,,,,,,,
DRC,2026-05-18,,,,,,,,,,,33.0,4.0,,516.0,131.0,,,,,,,,,,,,,,,,
DRC,2026-05-19,,,,,,,,,,,51.0,4.0,,575.0,148.0,,,,,,,,,,,,,,,,
DRC,2026-05-20,,,,,,,,,,,64.0,6.0,,671.0,160.0,,,,,,,,,,,,,,,,
DRC,2026-05-21,,,,,,,,,,,83.0,9.0,,746.0,176.0,,,,,,,,,,,,,,,,
DRC,2026-05-22,,,,,,,,,,,91.0,10.0,,867.0,,,,,,,,,,,,,,,,,
DRC,2026-05-23,,,,,,,,,,,101.0,10.0,,904.0,220.0,,,,,,,,,,,,,,,,
DRC,2026-05-24,,,,,,,,,,,105.0,10.0,,906.0,223.0,,,,,,,,,,,,,,,,
DRC,2026-05-25,,,,,,,,,,,106.0,12.0,,998.0,238.0,,,,,,,,,,,,,,,,
DRC,2026-05-26,,,,,,,,,,,121.0,17.0,,1077.0,246.0,,,,,,,,,,,,,,,,
DRC,2026-05-27,,,,,,,,,,,125.0,17.0,1.0,906.0,223.0,,,,,,,,,,,,,,,,
DRC,2026-05-28,,,,,,,,,,,210.0,17.0,1.0,349.0,236.0,,,,,,,,,,,,,,,,
DRC,2026-05-29,,,,,,,,,,,263.0,42.0,2.0,349.0,236.0,,,,,,,,,,,,,,,,
DRC,2026-05-30,,,,,,,,,,,282.0,42.0,2.0,321.0,236.0,101.0,220.0,,,,,,,,,,,,,,
DRC,2026-05-31,,,,,,,,,,,321.0,48.0,6.0,220.0,,104.0,116.0,,,,,,,,,,,,,,
DRC,2026-06-01,,,,,,,,,,,344.0,60.0,6.0,289.0,242.0,173.0,116.0,,,,,,,,,,,,,,
DRC,2026-06-02,,,,,,,,,,,363.0,62.0,6.0,206.0,,206.0,,,,,,,,,,,,,,,
DRC,2026-06-03,,,,,,,,,,,381.0,64.0,7.0,,,233.0,,,,,,,,,,,,,,,
DRC,2026-06-04,,,,,,,,,,,452.0,82.0,8.0,153.0,,258.0,,,,,,,,,,,,,,,
DRC,2026-06-05,,,,,,,,,,,488.0,86.0,9.0,119.0,,267.0,,,,,,,,,,,,,,,
DRC,2026-06-06,,,,,,,,,,,515.0,91.0,12.0,117.0,,283.0,,,,,,,,,,,,,,,
DRC,2026-06-07,,,,,,,,,,,550.0,101.0,19.0,94.0,,309.0,,,,,,,,,,,,,,,
DRC,2026-06-08,,,,,,,,,,,598.0,115.0,22.0,138.0,,297.0,,,,,,,,,,,,,,,
DRC,2026-06-09,,,,,,,,,,,635.0,127.0,30.0,119.0,,260.0,,,,,,,,,,,,,,,
DRC,2026-06-10,,,,,,,,,,,676.0,136.0,32.0,119.0,,262.0,,,,,,,,,,,,,,,
DRC,2026-06-11,,,,,,,,,,,689.0,139.0,32.0,168.0,64.0,315.0,,,,,,,,,,,,,,,
DRC,2026-06-13,,,,,,,,,,,782.0,181.0,40.0,136.0,49.0,359.0,,,,,,,,,,,,,,,
DRC,2026-06-14,,,,,,,,,,,808.0,192.0,48.0,165.0,54.0,363.0,,,,,,,,,,,,,,,
DRC,2026-06-15,,,,,,,,,,,837.0,196.0,49.0,235.0,,376.0,,,,,,,,,,,,,,,
DRC,2026-06-16,,,,,,,,,,,875.0,202.0,67.0,192.0,,379.0,,,,,,,,,,,,,,,
DRC,2026-06-17,,,,,,,,,,,896.0,232.0,78.0,151.0,35.0,383.0,,,,,,,,,,,,,,,
DRC,2026-06-18,,,,,,,,,,,933.0,245.0,80.0,238.0,54.0,416.0,,,,,,,,,,,,,,,
DRC,2026-06-19,,,,,,,,,,,956.0,247.0,92.0,162.0,47.0,361.0,,,,,,,,,,,,,,,
DRC,2026-06-20,,,,,,,,,,,1003.0,254.0,100.0,201.0,30.0,365.0,,,,,,,,,,,,,,,
DRC,2026-06-21,,,,,,,,,,,1048.0,267.0,112.0,202.0,60.0,371.0,,,,,,,,,,,,,,,
DRC,2026-06-22,,,,,,,,,,,1094.0,277.0,115.0,131.0,44.0,387.0,,,,,,,,,,,,,,,
DRC,2026-06-23,,,,,,,,,,,1118.0,291.0,122.0,138.0,45.0,408.0,,,,,,,,,,,,,,,
DRC,2026-06-24,,,,,,,,,,,1155.0,304.0,138.0,154.0,40.0,385.0,,,,,,,,,,,,,,,
DRC,2026-06-25,,,,,,,,,,,1203.0,321.0,148.0,265.0,77.0,419.0,,,,,,,,,,,,,,,
DRC,2026-06-27,,,,,,,,,,,1274.0,360.0,178.0,239.0,70.0,502.0,,,,,,,,,,,,,,,
DRC,2026-06-29,,,,,,,,,,,1333.0,399.0,189.0,309.0,90.0,609.0,,,,,,,,,,,,,,,
DRC,2026-06-30,,,,,,,,,,,1406.0,438.0,208.0,301.0,90.0,609.0,,,,,,,,,,,,,,,
DRC,2026-07-01,,,,,,,,,,,1460.0,452.0,213.0,150.0,41.0,641.0,,,,,,,,,,,,,,,
DRC,2026-07-02,,,,,,,,,,,1502.0,473.0,229.0,213.0,63.0,628.0,,,,,,,,,,,,,,,
DRC,2026-07-03,,,,,,,,,,,1528.0,492.0,239.0,185.0,67.0,628.0,,,,,,,,,,,,,,,
DRC,2026-07-04,,,,,,,,,,,1561.0,506.0,254.0,354.0,110.0,628.0,,,,,,,,,,,,,,,
DRC,2026-07-05,,,,,,,,,,,1624.0,521.0,273.0,135.0,23.0,646.0,,,,,,,,,,,,,,,
DRC,2026-07-06,,,,,,,,,,,1708.0,580.0,280.0,237.0,70.0,680.0,,,,,,,,,,,,,,,
DRC,2026-07-07,,,,,,,,,,,1759.0,600.0,285.0,304.0,92.0,750.0,,,,,,,,,,,,,,,
DRC,2026-07-08,,,,,,,,,,,1792.0,625.0,295.0,227.0,60.0,764.0,,,,,,,,,,,,,,,
DRC,2026-07-09,,,,,,,,,,,1830.0,648.0,300.0,284.0,81.0,780.0,,,,,,,,,,,,,,,
DRC,2026-07-10,,,,,,,,,,,1873.0,672.0,306.0,299.0,91.0,763.0,,,,,,,,,,,,,,,
DRC,2026-07-11,,,,,,,,,,,1926.0,702.0,318.0,299.0,91.0,753.0,,,,,,,,,,,,,,,
Damas,2026-05-26,,0.0,,,,4.0,2.0,,,,,,,,,,,0.0,,,,,,4.0,2.0,,,,,,
Damas,2026-05-27,,0.0,,,,,,,,,,,,,,,,,,,,,,,,,,,,,
Damas,2026-05-28,,1.0,0.0,,,1.0,0.0,,,,,,,,,,,,,,,,,,,,,,,,
Damas,2026-05-29,,1.0,0.0,,,1.0,0.0,,,,,,,,,,,0.0,,,,,,1.0,0.0,,,,,,
Damas,2026-05-30,,1.0,0.0,,,1.0,0.0,,,,,,,,,,,,,,,,,,,,,,,,
Damas,2026-06-01,,1.0,0.0,,,,,,,,,,,,,,,0.0,,,,,,,,,,,,,
Damas,2026-06-02,,2.0,0.0,,,,,,,,,,,,,,,,,,,,,,,,,,,,
Damas,2026-06-03,,3.0,0.0,,,,,,,,,,,,,,,,,,,,,,,,,,,,
Damas,2026-06-04,,3.0,0.0,,,,,,,,,,,,,,,,,,,,,,,,,,,,
Damas,2026-06-05,,3.0,0.0,,,,,,,,,,,,,,,,,,,,,,,,,,,,
Damas,2026-06-06,,3.0,0.0,,,,,,,,,,,,,,,,,,,,,,,,,,,,
Damas,2026-06-07,,3.0,0.0,,,,,,,,,,,,,,,,,,,,,,,,,,,,
Damas,2026-06-08,,3.0,0.0,,,,,,,,,,,,,,,,,,,,,,,,,,,,
Damas,2026-06-09,,3.0,0.0,,,,,,,,,,,,,,,,,,,,,,,,,,,,
Damas,2026-06-10,,3.0,0.0,,,,,,,,,,,,,,,,,,,,,,,,,,,,
Damas,2026-06-11,,3.0,0.0,,,,,,,,,,,,,,,,,,,,,,,,,,,,
Damas,2026-06-13,,4.0,0.0,,,,,,,,,,,,,,,,,,,,,,,,,,,,
Damas,2026-06-14,,4.0,0.0,,,,,,,,,,,,,,,,,,,,,,,,,,,,
Damas,2026-06-15,,4.0,0.0,,,,,,,,,,,,,,,,,,,,,,,,,,,,
Damas,2026-06-16,,4.0,,,,,,,,,,,,,,,,,,,,,,,,,,,,,
Damas,2026-06-17,,4.0,0.0,,,,,,,,,,,,,,,,,,,,,,,,,,,,
Damas,2026-06-18,,4.0,0.0,,,,,,,,,,,,,,,,,,,,,,,,,,,,
Damas,2026-06-19,,4.0,0.0,,,,,,,,,,,,,,,,,,,,,,,,,,,,
Damas,2026-06-20,,4.0,0.0,,,,,,,,,,,,,,,,,,,,,,,,,,,,
Damas,2026-06-21,,4.0,0.0,,,,,,,,,,,,,,,,,,,,,,,,,,,,
Damas,2026-06-22,,4.0,0.0,,,,,,,,,,,,,,,,,,,,,,,,,,,,
Damas,2026-06-23,,4.0,0.0,,,,,,,,,,,,,,,,,,,,,,,,,,,,
Damas,2026-06-24,,4.0,0.0,,,,,,,,,,,,,,,,,,,,,,,,,,,,
Damas,2026-06-25,,4.0,0.0,,,,,,,,,,,,,,,,,,,,,,,,,,,,
Damas,2026-06-29,,5.0,0.0,,,,,,,,,,,,,,,,,,,,,,,,,,,,
Damas,2026-06-30,,5.0,0.0,,,,,,,,,,,,,,,,,,,,,,,,,,,,
Damas,2026-07-01,,5.0,0.0,,,,,,,,,,,,,,,,,,,,,,,,,,,,
Damas,2026-07-02,,5.0,0.0,,,,,,,,,,,,,,,,,,,,,,,,,,,,
Damas,2026-07-03,,5.0,0.0,,,,,,,,,,,,,,,,,,,,,,,,,,,,
Damas,2026-07-04,,5.0,0.0,,,,,,,,,,,,,,,,,,,,,,,,,,,,
Damas,2026-07-05,,5.0,0.0,,,,,,,,,,,,,,,,,,,,,,,,,,,,
Damas,2026-07-06,,5.0,0.0,,,,,,,,,,,,,,,,,,,,,,,,,,,,
Damas,2026-07-07,,5.0,0.0,,,,,,,,,,,,,,,,,,,,,,,,,,,,
Damas,2026-07-08,,5.0,0.0,,,,,,,,,,,,,,,,,,,,,,,,,,,,
Damas,2026-07-09,,5.0,0.0,,,,,,,,,,,,,,,,,,,,,,,,,,,,
Damas,2026-07-10,,5.0,0.0,,,,,,,,,,,,,,,,,,,,,,,,,,,,
Damas,2026-07-11,,5.0,0.0,,,,,,,,,,,,,,,,,,,,,,,,,,,,
Drodro,2026-06-17,,1.0,1.0,,,,,,,,,,,,,,,,,,,,,,,,,,,,
Drodro,2026-06-18,,1.0,1.0,,,,,,,,,,,,,,,,,,,,,,,,,,,,
Drodro,2026-06-19,,1.0,1.0,,,,,,,,,,,,,,,,,,,,,,,,,,,,
Drodro,2026-06-20,,1.0,1.0,,,,,,,,,,,,,,,,,,,,,,,,,,,,
Drodro,2026-06-21,,1.0,1.0,,,,,,,,,,,,,,,,,,,,,,,,,,,,
Drodro,2026-06-22,,1.0,1.0,,,,,,,,,,,,,,,,,,,,,,,,,,,,
Drodro,2026-06-23,,1.0,1.0,,,,,,,,,,,,,,,,,,,,,,,,,,,,
Drodro,2026-06-24,,1.0,,,,,,,,,,,,,,,,,,,,,,,,,,,,,
Drodro,2026-06-25,,1.0,1.0,,,,,,,,,,,,,,,,,,,,,,,,,,,,
Drodro,2026-06-29,,3.0,3.0,,,,,,,,,,,,,,,,,,,,,,,,,,,,
Drodro,2026-06-30,,3.0,3.0,,,,,,,,,,,,,,,,,,,,,,,,,,,,
Drodro,2026-07-01,,3.0,3.0,,,,,,,,,,,,,,,,,,,,,,,,,,,,
Drodro,2026-07-02,,3.0,3.0,,,,,,,,,,,,,,,,,,,,,,,,,,,,
Drodro,2026-07-03,,3.0,3.0,,,,,,,,,,,,,,,,,,,,,,,,,,,,
Drodro,2026-07-04,,3.0,3.0,,,,,,,,,,,,,,,,,,,,,,,,,,,,
Drodro,2026-07-05,,3.0,3.0,,,,,,,,,,,,,,,,,,,,,,,,,,,,
Drodro,2026-07-06,,3.0,3.0,,,,,,,,,,,,,,,,,,,,,,,,,,,,
Drodro,2026-07-07,,3.0,3.0,,,,,,,,,,,,,,,,,,,,,,,,,,,,
Drodro,2026-07-08,,3.0,3.0,,,,,,,,,,,,,,,,,,,,,,,,,,,,
Drodro,2026-07-09,,3.0,3.0,,,,,,,,,,,,,,,,,,,,,,,,,,,,
Drodro,2026-07-10,,4.0,3.0,,,,,,,,,,,,,,,,,,,,,,,,,,,,
Drodro,2026-07-11,,4.0,3.0,,,,,,,,,,,,,,,,,,,,,,,,,,,,
Fataki,2026-05-26,,0.0,,,,1.0,1.0,,,,,,,,,,,0.0,,,,,,1.0,0.0,,,,,,
Fataki,2026-05-27,,0.0,,,,,,,,,,,,,,,,,,,,,,,,,,,,,
Fataki,2026-05-28,,,,,,,,,,,,,,,,,,,,,,,,,,,,,,,
Fataki,2026-05-29,,,,,,,,,,,,,,,,,,,,,,,,,,,,,,,
Fataki,2026-05-30,,,,,,,,,,,,,,,,,,,,,,,,,,,,,,,
Fataki,2026-06-16,,1.0,,,,,,,,,,,,,,,,,,,,,,,,,,,,,
Fataki,2026-06-17,,1.0,0.0,,,,,,,,,,,,,,,,,,,,,,,,,,,,
Fataki,2026-06-18,,1.0,0.0,,,,,,,,,,,,,,,,,,,,,,,,,,,,
Fataki,2026-06-19,,1.0,0.0,,,,,,,,,,,,,,,,,,,,,,,,,,,,
Fataki,2026-06-20,,1.0,0.0,,,,,,,,,,,,,,,,,,,,,,,,,,,,
Fataki,2026-06-21,,1.0,0.0,,,,,,,,,,,,,,,,,,,,,,,,,,,,
Fataki,2026-06-22,,1.0,0.0,,,,,,,,,,,,,,,,,,,,,,,,,,,,
Fataki,2026-06-23,,1.0,0.0,,,,,,,,,,,,,,,,,,,,,,,,,,,,
Fataki,2026-06-24,,1.0,0.0,,,,,,,,,,,,,,,,,,,,,,,,,,,,
Fataki,2026-06-25,,1.0,0.0,,,,,,,,,,,,,,,,,,,,,,,,,,,,
Fataki,2026-06-29,,1.0,0.0,,,,,,,,,,,,,,,,,,,,,,,,,,,,
Fataki,2026-06-30,,1.0,0.0,,,,,,,,,,,,,,,,,,,,,,,,,,,,
Fataki,2026-07-01,,1.0,0.0,,,,,,,,,,,,,,,,,,,,,,,,,,,,
Fataki,2026-07-02,,1.0,0.0,,,,,,,,,,,,,,,,,,,,,,,,,,,,
Fataki,2026-07-03,,1.0,0.0,,,,,,,,,,,,,,,,,,,,,,,,,,,,
Fataki,2026-07-04,,1.0,0.0,,,,,,,,,,,,,,,,,,,,,,,,,,,,
Fataki,2026-07-05,,2.0,0.0,,,,,,,,,,,,,,,,,,,,,,,,,,,,
Fataki,2026-07-06,,3.0,1.0,,,,,,,,,,,,,,,,,,,,,,,,,,,,
Fataki,2026-07-07,,4.0,1.0,,,,,,,,,,,,,,,,,,,,,,,,,,,,
Fataki,2026-07-08,,4.0,1.0,,,,,,,,,,,,,,,,,,,,,,,,,,,,
Fataki,2026-07-09,,4.0,1.0,,,,,,,,,,,,,,,,,,,,,,,,,,,,
Fataki,2026-07-10,,4.0,1.0,,,,,,,,,,,,,,,,,,,,,,,,,,,,
Fataki,2026-07-11,,4.0,1.0,,,,,,,,,,,,,,,,,,,,,,,,,,,,
Gety,2026-05-28,,1.0,0.0,,,3.0,,,,,,,,,,,,,,,,,,,,,,,,,
Gety,2026-05-29,,1.0,0.0,,,3.0,,,,,,,,,,,,,,,,,,3.0,0.0,,,,,,
Gety,2026-05-30,,1.0,0.0,,,3.0,,,,,,,,,,,,,,,,,,,,,,,,,
Gety,2026-06-01,,1.0,0.0,,,,,,,,,,,,,,,0.0,,,,,,,,,,,,,
Gety,2026-06-02,,1.0,0.0,,,,,,,,,,,,,,,,,,,,,,,,,,,,
Gety,2026-06-03,,1.0,0.0,,,,,,,,,,,,,,,,,,,,,,,,,,,,
Gety,2026-06-04,,1.0,0.0,,,,,,,,,,,,,,,,,,,,,,,,,,,,
Gety,2026-06-05,,1.0,0.0,,,,,,,,,,,,,,,,,,,,,,,,,,,,
Gety,2026-06-06,,1.0,0.0,,,,,,,,,,,,,,,,,,,,,,,,,,,,
Gety,2026-06-07,,1.0,0.0,,,,,,,,,,,,,,,,,,,,,,,,,,,,
Gety,2026-06-08,,1.0,0.0,,,,,,,,,,,,,,,,,,,,,,,,,,,,
Gety,2026-06-09,,1.0,0.0,,,,,,,,,,,,,,,,,,,,,,,,,,,,
Gety,2026-06-10,,1.0,0.0,,,,,,,,,,,,,,,,,,,,,,,,,,,,
Gety,2026-06-11,,1.0,0.0,,,,,,,,,,,,,,,,,,,,,,,,,,,,
Gety,2026-06-13,,1.0,0.0,,,,,,,,,,,,,,,,,,,,,,,,,,,,
Gety,2026-06-14,,1.0,0.0,,,,,,,,,,,,,,,,,,,,,,,,,,,,
Gety,2026-06-15,,1.0,0.0,,,,,,,,,,,,,,,,,,,,,,,,,,,,
Gety,2026-06-16,,1.0,,,,,,,,,,,,,,,,,,,,,,,,,,,,,
Gety,2026-06-17,,1.0,0.0,,,,,,,,,,,,,,,,,,,,,,,,,,,,
Gety,2026-06-18,,1.0,0.0,,,,,,,,,,,,,,,,,,,,,,,,,,,,
Gety,2026-06-19,,1.0,0.0,,,,,,,,,,,,,,,,,,,,,,,,,,,,
Gety,2026-06-20,,1.0,0.0,,,,,,,,,,,,,,,,,,,,,,,,,,,,
Gety,2026-06-21,,1.0,0.0,,,,,,,,,,,,,,,,,,,,,,,,,,,,
Gety,2026-06-22,,1.0,0.0,,,,,,,,,,,,,,,,,,,,,,,,,,,,
Gety,2026-06-23,,1.0,0.0,,,,,,,,,,,,,,,,,,,,,,,,,,,,
Gety,2026-06-24,,1.0,0.0,,,,,,,,,,,,,,,,,,,,,,,,,,,,
Gety,2026-06-25,,1.0,0.0,,,,,,,,,,,,,,,,,,,,,,,,,,,,
Gety,2026-06-29,,1.0,0.0,,,,,,,,,,,,,,,,,,,,,,,,,,,,
Gety,2026-06-30,,1.0,0.0,,,,,,,,,,,,,,,,,,,,,,,,,,,,
Gety,2026-07-01,,1.0,0.0,,,,,,,,,,,,,,,,,,,,,,,,,,,,
Gety,2026-07-02,,1.0,0.0,,,,,,,,,,,,,,,,,,,,,,,,,,,,
Gety,2026-07-03,,1.0,0.0,,,,,,,,,,,,,,,,,,,,,,,,,,,,
Gety,2026-07-04,,1.0,0.0,,,,,,,,,,,,,,,,,,,,,,,,,,,,
Gety,2026-07-05,,1.0,0.0,,,,,,,,,,,,,,,,,,,,,,,,,,,,
Gety,2026-07-06,,1.0,0.0,,,,,,,,,,,,,,,,,,,,,,,,,,,,
Gety,2026-07-07,,1.0,0.0,,,,,,,,,,,,,,,,,,,,,,,,,,,,
Gety,2026-07-08,,1.0,0.0,,,,,,,,,,,,,,,,,,,,,,,,,,,,
Gety,2026-07-09,,1.0,0.0,,,,,,,,,,,,,,,,,,,,,,,,,,,,
Gety,2026-07-10,,1.0,0.0,,,,,,,,,,,,,,,,,,,,,,,,,,,,
Gety,2026-07-11,,1.0,0.0,,,,,,,,,,,,,,,,,,,,,,,,,,,,
Goma,2026-05-18,,1.0,,,,1.0,,,,,,,,,,,,1.0,,,,,,1.0,,,,,,,
Goma,2026-05-19,,1.0,,,,1.0,,,,,,,,,,,,0.0,,,,,,0.0,,,,,,,
Goma,2026-05-20,,1.0,,,,1.0,0.0,,,,,,,,,,,0.0,,,,,,,0.0,,,,,,
Goma,2026-05-21,,1.0,0.0,,,1.0,0.0,,,,,,,,,,,0.0,,,,,,0.0,0.0,,,,,,
Goma,2026-05-22,,1.0,0.0,,,1.0,0.0,,,,,,,,,,,0.0,,,,,,0.0,0.0,,,,,,
Goma,2026-05-23,,1.0,0.0,,,1.0,0.0,,,,,,,,,,,,,,,,,,0.0,,,,,,
Goma,2026-05-24,,1.0,0.0,,28.0,0.0,0.0,,,,,,,,,,,0.0,,28.0,,,,,3.0,,,,,,
Goma,2026-05-25,,1.0,0.0,,28.0,0.0,0.0,,,,,,,,,,,0.0,,0.0,,,,0.0,0.0,,,,,,
Goma,2026-05-26,,1.0,0.0,,28.0,0.0,0.0,,,,,,,,,,,0.0,,0.0,,,,0.0,0.0,,,,,,
Goma,2026-05-27,,1.0,0.0,,74.0,0.0,0.0,,,,,,,,,,,0.0,,46.0,,,,,,,,,,,
Goma,2026-05-28,,1.0,0.0,,74.0,0.0,0.0,,,,,,,,,,,,,,,,,,,,,,,,
Goma,2026-05-29,,1.0,0.0,,140.0,0.0,0.0,,,,,,,,,,,,,66.0,,,,,,,,,,,
Goma,2026-05-30,,1.0,0.0,,140.0,0.0,0.0,,,,,,,,,,,,,,,,,,,,,,,,
Goma,2026-06-01,,1.0,0.0,,,,,,,,,,,,,,,0.0,,,,,,,,,,,,,
Goma,2026-06-02,,1.0,0.0,,,,,,,,,,,,,,,,,,,,,,,,,,,,
Goma,2026-06-03,,1.0,0.0,,,,,,,,,,,,,,,,,,,,,,,,,,,,
Goma,2026-06-04,,1.0,0.0,,,,,,,,,,,,,,,,,,,,,,,,,,,,
Goma,2026-06-05,,1.0,0.0,,,,,,,,,,,,,,,,,,,,,,,,,,,,
Goma,2026-06-06,,1.0,0.0,,,,,,,,,,,,,,,,,,,,,,,,,,,,
Goma,2026-06-07,,1.0,0.0,,,,,,,,,,,,,,,,,,,,,,,,,,,,
Goma,2026-06-08,,1.0,0.0,,,,,,,,,,,,,,,,,,,,,,,,,,,,
Goma,2026-06-09,,1.0,0.0,,,,,,,,,,,,,,,,,,,,,,,,,,,,
Goma,2026-06-10,,1.0,0.0,,,,,,,,,,,,,,,,,,,,,,,,,,,,
Goma,2026-06-11,,1.0,1.0,,,,,,,,,,,,,,,,,,,,,,,,,,,,
Goma,2026-06-13,,1.0,0.0,,,,,,,,,,,,,,,,,,,,,,,,,,,,
Goma,2026-06-14,,1.0,0.0,,,,,,,,,,,,,,,,,,,,,,,,,,,,
Goma,2026-06-15,,1.0,0.0,,,,,,,,,,,,,,,,,,,,,,,,,,,,
Goma,2026-06-16,,1.0,,,,,,,,,,,,,,,,,,,,,,,,,,,,,
Goma,2026-06-17,,1.0,0.0,,,,,,,,,,,,,,,,,,,,,,,,,,,,
Goma,2026-06-18,,1.0,0.0,,,,,,,,,,,,,,,,,,,,,,,,,,,,
Goma,2026-06-19,,1.0,0.0,,,,,,,,,,,,,,,,,,,,,,,,,,,,
Goma,2026-06-20,,1.0,0.0,,,,,,,,,,,,,,,,,,,,,,,,,,,,
Goma,2026-06-21,,1.0,0.0,,,,,,,,,,,,,,,,,,,,,,,,,,,,
Goma,2026-06-22,,1.0,0.0,,,,,,,,,,,,,,,,,,,,,,,,,,,,
Goma,2026-06-23,,1.0,0.0,,,,,,,,,,,,,,,,,,,,,,,,,,,,
Goma,2026-06-24,,1.0,0.0,,,,,,,,,,,,,,,,,,,,,,,,,,,,
Goma,2026-06-25,,1.0,0.0,,,,,,,,,,,,,,,,,,,,,,,,,,,,
Goma,2026-06-29,,1.0,0.0,,,,,,,,,,,,,,,,,,,,,,,,,,,,
Goma,2026-06-30,,1.0,0.0,,,,,,,,,,,,,,,,,,,,,,,,,,,,
Goma,2026-07-01,,1.0,0.0,,,,,,,,,,,,,,,,,,,,,,,,,,,,
Goma,2026-07-02,,2.0,0.0,,,,,,,,,,,,,,,,,,,,,,,,,,,,
Goma,2026-07-03,,1.0,0.0,,,,,,,,,,,,,,,,,,,,,,,,,,,,
Goma,2026-07-04,,1.0,0.0,,,,,,,,,,,,,,,,,,,,,,,,,,,,
Goma,2026-07-05,,1.0,0.0,,,,,,,,,,,,,,,,,,,,,,,,,,,,
Goma,2026-07-06,,1.0,0.0,,,,,,,,,,,,,,,,,,,,,,,,,,,,
Goma,2026-07-07,,1.0,0.0,,,,,,,,,,,,,,,,,,,,,,,,,,,,
Goma,2026-07-08,,1.0,0.0,,,,,,,,,,,,,,,,,,,,,,,,,,,,
Goma,2026-07-09,,1.0,0.0,,,,,,,,,,,,,,,,,,,,,,,,,,,,
Goma,2026-07-10,,1.0,0.0,,,,,,,,,,,,,,,,,,,,,,,,,,,,
Goma,2026-07-11,,1.0,0.0,,,,,,,,,,,,,,,,,,,,,,,,,,,,
Jiba,2026-05-28,,,0.0,,,2.0,,,,,,,,,,,,,,,,,,,,,,,,,
Jiba,2026-05-29,,,0.0,,,2.0,,,,,,,,,,,,,,,,,,2.0,0.0,,,,,,
Jiba,2026-05-30,,,0.0,,,2.0,,,,,,,,,,,,,,,,,,,,,,,,,
Jiba,2026-06-01,,,,,,,,,,,,,,,,,,,,,,,,,,,,,,,
Jiba,2026-06-03,,,,,,,,,,,,,,,,,,,,,,,,,,,,,,,
Kalunguta,2026-05-24,,1.0,,,,,,,,,,,,,,,,1.0,,,,,,,0.0,,,,,,
Kalunguta,2026-05-25,,1.0,,,,,0.0,,,,,,,,,,,0.0,,,,,,,0.0,,,,,,
Kalunguta,2026-05-26,,1.0,,,,2.0,0.0,,,,,,,,,,,0.0,,,,,,2.0,0.0,,,,,,
Kalunguta,2026-05-27,,2.0,,,,13.0,0.0,,,,,,,,,,,1.0,,,,,,,,,,,,,
Kalunguta,2026-05-28,,1.0,1.0,,,13.0,0.0,,,,,,,,,,,,,,,,,,,,,,,,
Kalunguta,2026-05-29,,1.0,1.0,,,13.0,0.0,,,,,,,,,,,,,20.0,,,,,,,,,,,
Kalunguta,2026-05-30,,1.0,1.0,,,13.0,0.0,,,,,,,,,,,,,,,,,,,,,,,,
Kalunguta,2026-06-01,,1.0,1.0,,,,,,,,,,,,,,,0.0,,,,,,,,,,,,,
Kalunguta,2026-06-02,,1.0,1.0,,,,,,,,,,,,,,,,,,,,,,,,,,,,
Kalunguta,2026-06-03,,1.0,1.0,,,,,,,,,,,,,,,,,,,,,,,,,,,,
Kalunguta,2026-06-04,,1.0,1.0,,,,,,,,,,,,,,,,,,,,,,,,,,,,
Kalunguta,2026-06-05,,1.0,1.0,,,,,,,,,,,,,,,,,,,,,,,,,,,,
Kalunguta,2026-06-06,,1.0,1.0,,,,,,,,,,,,,,,,,,,,,,,,,,,,
Kalunguta,2026-06-07,,1.0,1.0,,,,,,,,,,,,,,,,,,,,,,,,,,,,
Kalunguta,2026-06-08,,1.0,1.0,,,,,,,,,,,,,,,,,,,,,,,,,,,,
Kalunguta,2026-06-09,,1.0,1.0,,,,,,,,,,,,,,,,,,,,,,,,,,,,
Kalunguta,2026-06-10,,1.0,1.0,,,,,,,,,,,,,,,,,,,,,,,,,,,,
Kalunguta,2026-06-11,,1.0,1.0,,,,,,,,,,,,,,,,,,,,,,,,,,,,
Kalunguta,2026-06-13,,1.0,1.0,,,,,,,,,,,,,,,,,,,,,,,,,,,,
Kalunguta,2026-06-14,,1.0,1.0,,,,,,,,,,,,,,,,,,,,,,,,,,,,
Kalunguta,2026-06-15,,1.0,1.0,,,,,,,,,,,,,,,,,,,,,,,,,,,,
Kalunguta,2026-06-16,,2.0,,,,,,,,,,,,,,,,,,,,,,,,,,,,,
Kalunguta,2026-06-17,,2.0,1.0,,,,,,,,,,,,,,,,,,,,,,,,,,,,
Kalunguta,2026-06-18,,2.0,1.0,,,,,,,,,,,,,,,,,,,,,,,,,,,,
Kalunguta,2026-06-19,,2.0,1.0,,,,,,,,,,,,,,,,,,,,,,,,,,,,
Kalunguta,2026-06-20,,2.0,1.0,,,,,,,,,,,,,,,,,,,,,,,,,,,,
Kalunguta,2026-06-21,,2.0,1.0,,,,,,,,,,,,,,,,,,,,,,,,,,,,
Kalunguta,2026-06-22,,2.0,1.0,,,,,,,,,,,,,,,,,,,,,,,,,,,,
Kalunguta,2026-06-23,,2.0,1.0,,,,,,,,,,,,,,,,,,,,,,,,,,,,
Kalunguta,2026-06-24,,2.0,1.0,,,,,,,,,,,,,,,,,,,,,,,,,,,,
Kalunguta,2026-06-25,,2.0,1.0,,,,,,,,,,,,,,,,,,,,,,,,,,,,
Kalunguta,2026-06-29,,2.0,1.0,,,,,,,,,,,,,,,,,,,,,,,,,,,,
Kalunguta,2026-06-30,,2.0,1.0,,,,,,,,,,,,,,,,,,,,,,,,,,,,
Kalunguta,2026-07-01,,2.0,1.0,,,,,,,,,,,,,,,,,,,,,,,,,,,,
Kalunguta,2026-07-02,,2.0,1.0,,,,,,,,,,,,,,,,,,,,,,,,,,,,
Kalunguta,2026-07-03,,2.0,1.0,,,,,,,,,,,,,,,,,,,,,,,,,,,,
Kalunguta,2026-07-04,,2.0,1.0,,,,,,,,,,,,,,,,,,,,,,,,,,,,
Kalunguta,2026-07-05,,2.0,1.0,,,,,,,,,,,,,,,,,,,,,,,,,,,,
Kalunguta,2026-07-06,,2.0,1.0,,,,,,,,,,,,,,,,,,,,,,,,,,,,
Kalunguta,2026-07-07,,2.0,1.0,,,,,,,,,,,,,,,,,,,,,,,,,,,,
Kalunguta,2026-07-08,,2.0,1.0,,,,,,,,,,,,,,,,,,,,,,,,,,,,
Kalunguta,2026-07-09,,2.0,1.0,,,,,,,,,,,,,,,,,,,,,,,,,,,,
Kalunguta,2026-07-10,,2.0,1.0,,,,,,,,,,,,,,,,,,,,,,,,,,,,
Kalunguta,2026-07-11,,2.0,1.0,,,,,,,,,,,,,,,,,,,,,,,,,,,,
Kambala,2026-06-10,,1.0,1.0,,,,,,,,,,,,,,,,,,,,,,,,,,,,
Kambala,2026-06-11,,1.0,1.0,,,,,,,,,,,,,,,,,,,,,,,,,,,,
Kambala,2026-06-13,,1.0,1.0,,,,,,,,,,,,,,,,,,,,,,,,,,,,
Kambala,2026-06-14,,1.0,1.0,,,,,,,,,,,,,,,,,,,,,,,,,,,,
Kambala,2026-06-15,,1.0,1.0,,,,,,,,,,,,,,,,,,,,,,,,,,,,
Kambala,2026-06-16,,1.0,,,,,,,,,,,,,,,,,,,,,,,,,,,,,
Kambala,2026-06-17,,1.0,1.0,,,,,,,,,,,,,,,,,,,,,,,,,,,,
Kambala,2026-06-18,,1.0,1.0,,,,,,,,,,,,,,,,,,,,,,,,,,,,
Kambala,2026-06-19,,1.0,1.0,,,,,,,,,,,,,,,,,,,,,,,,,,,,
Kambala,2026-06-20,,1.0,1.0,,,,,,,,,,,,,,,,,,,,,,,,,,,,
Kambala,2026-06-21,,1.0,1.0,,,,,,,,,,,,,,,,,,,,,,,,,,,,
Kambala,2026-06-22,,1.0,1.0,,,,,,,,,,,,,,,,,,,,,,,,,,,,
Kambala,2026-06-23,,1.0,1.0,,,,,,,,,,,,,,,,,,,,,,,,,,,,
Kambala,2026-06-24,,1.0,1.0,,,,,,,,,,,,,,,,,,,,,,,,,,,,
Kambala,2026-06-25,,1.0,1.0,,,,,,,,,,,,,,,,,,,,,,,,,,,,
Kambala,2026-06-29,,1.0,1.0,,,,,,,,,,,,,,,,,,,,,,,,,,,,
Kambala,2026-06-30,,2.0,2.0,,,,,,,,,,,,,,,,,,,,,,,,,,,,
Kambala,2026-07-01,,2.0,2.0,,,,,,,,,,,,,,,,,,,,,,,,,,,,
Kambala,2026-07-02,,2.0,2.0,,,,,,,,,,,,,,,,,,,,,,,,,,,,
Kambala,2026-07-03,,2.0,2.0,,,,,,,,,,,,,,,,,,,,,,,,,,,,
Kambala,2026-07-04,,2.0,2.0,,,,,,,,,,,,,,,,,,,,,,,,,,,,
Kambala,2026-07-05,,2.0,2.0,,,,,,,,,,,,,,,,,,,,,,,,,,,,
Kambala,2026-07-06,,2.0,2.0,,,,,,,,,,,,,,,,,,,,,,,,,,,,
Kambala,2026-07-07,,2.0,2.0,,,,,,,,,,,,,,,,,,,,,,,,,,,,
Kambala,2026-07-08,,2.0,2.0,,,,,,,,,,,,,,,,,,,,,,,,,,,,
Kambala,2026-07-09,,2.0,2.0,,,,,,,,,,,,,,,,,,,,,,,,,,,,
Kambala,2026-07-10,,2.0,2.0,,,,,,,,,,,,,,,,,,,,,,,,,,,,
Kambala,2026-07-11,,2.0,2.0,,,,,,,,,,,,,,,,,,,,,,,,,,,,
Karisimbi,2026-05-24,,,,,249.0,,,,,,,,,,,,,,,249.0,,,,,,,,,,,
Karisimbi,2026-05-25,,,,,249.0,,0.0,,,,,,,,,,,1.0,,0.0,,,,,0.0,,,,,,
Karisimbi,2026-05-26,,0.0,,,249.0,5.0,0.0,,,,,,,,,,,0.0,,0.0,,,,5.0,0.0,,,,,,
Karisimbi,2026-05-27,,0.0,,,181.0,,0.0,,,,,,,,,,,,,,,,,,,,,,,,
Karisimbi,2026-05-28,,0.0,0.0,,181.0,,0.0,,,,,,,,,,,,,,,,,,,,,,,,
Karisimbi,2026-05-29,,0.0,0.0,,413.0,,0.0,,,,,,,,,,,,,249.0,,,,,,,,,,,
Karisimbi,2026-05-30,,0.0,0.0,,413.0,,0.0,,,,,,,,,,,,,,,,,,,,,,,,
Karisimbi,2026-06-01,,,,,,,,,,,,,,,,,,,,,,,,,,,,,,,
Karisimbi,2026-06-03,,,,,,,,,,,,,,,,,,,,,,,,,,,,,,,
Katwa,2026-05-18,,1.0,,,,1.0,,,,,,,,,,,,1.0,,,,,,1.0,,,,,,,
Katwa,2026-05-19,,1.0,,,,1.0,,,,,,,,,,,,0.0,,,,,,0.0,,,,,,,
Katwa,2026-05-20,,1.0,,,,13.0,0.0,,,,,,,,,,,1.0,,,,,,12.0,0.0,,,,,,
Katwa,2026-05-21,,1.0,0.0,,,13.0,0.0,,,,,,,,,,,1.0,,,,,,13.0,0.0,,,,,,
Katwa,2026-05-22,,0.0,0.0,,,13.0,0.0,,,,,,,,,,,2.0,,,,,,0.0,0.0,,,,,,
Katwa,2026-05-23,,4.0,0.0,,,13.0,0.0,,,,,,,,,,,1.0,,,,,,,0.0,,,,,,
Katwa,2026-05-24,,4.0,0.0,,99.0,0.0,0.0,,,,,,,,,,,0.0,,99.0,,,,,0.0,,,,,,
Katwa,2026-05-25,,4.0,,,99.0,13.0,0.0,,,,,,,,,,,0.0,,0.0,,,,0.0,0.0,,,,,,
Katwa,2026-05-26,,,0.0,,99.0,,0.0,,,,,,,,,,,0.0,,0.0,,,,0.0,0.0,,,,,,
Katwa,2026-05-27,,4.0,0.0,,111.0,,0.0,,,,,,,,,,,0.0,,12.0,,,,,,,,,,,
Katwa,2026-05-28,,4.0,3.0,,111.0,,0.0,,,,,,,,,,,,,,,,,,,,,,,,
Katwa,2026-05-29,,4.0,3.0,,221.0,,0.0,,,,,,,,,,,,,112.0,,,,,,,,,,,
Katwa,2026-05-30,,4.0,3.0,,221.0,,0.0,,,,,,,,,,,,,,,,,,,,,,,,
Katwa,2026-06-01,,7.0,5.0,,,,,,,,,,,,,,,3.0,,,,,,,,,,,,,
Katwa,2026-06-02,,7.0,5.0,,,,,,,,,,,,,,,,,,,,,,,,,,,,
Katwa,2026-06-03,,7.0,5.0,,,,,,,,,,,,,,,,,,,,,,,,,,,,
Katwa,2026-06-04,,11.0,7.0,,,,,,,,,,,,,,,,,,,,,,,,,,,,
Katwa,2026-06-05,,11.0,7.0,,,,,,,,,,,,,,,,,,,,,,,,,,,,
Katwa,2026-06-06,,11.0,8.0,,,,,,,,,,,,,,,,,,,,,,,,,,,,
Katwa,2026-06-07,,11.0,8.0,,,,,,,,,,,,,,,,,,,,,,,,,,,,
Katwa,2026-06-08,,12.0,8.0,,,,,,,,,,,,,,,,,,,,,,,,,,,,
Katwa,2026-06-09,,12.0,8.0,,,,,,,,,,,,,,,,,,,,,,,,,,,,
Katwa,2026-06-10,,18.0,10.0,,,,,,,,,,,,,,,,,,,,,,,,,,,,
Katwa,2026-06-11,,16.0,9.0,,,,,,,,,,,,,,,,,,,,,,,,,,,,
Katwa,2026-06-13,,21.0,12.0,,,,,,,,,,,,,,,,,,,,,,,,,,,,
Katwa,2026-06-14,,25.0,16.0,,,,,,,,,,,,,,,,,,,,,,,,,,,,
Katwa,2026-06-15,,25.0,16.0,,,,,,,,,,,,,,,,,,,,,,,,,,,,
Katwa,2026-06-16,,23.0,,,,,,,,,,,,,,,,,,,,,,,,,,,,,
Katwa,2026-06-17,,24.0,16.0,,,,,,,,,,,,,,,,,,,,,,,,,,,,
Katwa,2026-06-18,,24.0,16.0,,,,,,,,,,,,,,,,,,,,,,,,,,,,
Katwa,2026-06-19,,26.0,16.0,,,,,,,,,,,,,,,,,,,,,,,,,,,,
Katwa,2026-06-20,,28.0,17.0,,,,,,,,,,,,,,,,,,,,,,,,,,,,
Katwa,2026-06-21,,31.0,19.0,,,,,,,,,,,,,,,,,,,,,,,,,,,,
Katwa,2026-06-22,,32.0,19.0,,,,,,,,,,,,,,,,,,,,,,,,,,,,
Katwa,2026-06-23,,32.0,19.0,,,,,,,,,,,,,,,,,,,,,,,,,,,,
Katwa,2026-06-24,,33.0,20.0,,,,,,,,,,,,,,,,,,,,,,,,,,,,
Katwa,2026-06-25,,35.0,22.0,,,,,,,,,,,,,,,,,,,,,,,,,,,,
Katwa,2026-06-29,,45.0,27.0,,,,,,,,,,,,,,,,,,,,,,,,,,,,
Katwa,2026-06-30,,47.0,33.0,,,,,,,,,,,,,,,,,,,,,,,,,,,,
Katwa,2026-07-01,,49.0,33.0,,,,,,,,,,,,,,,,,,,,,,,,,,,,
Katwa,2026-07-02,,51.0,35.0,,,,,,,,,,,,,,,,,,,,,,,,,,,,
Katwa,2026-07-03,,51.0,37.0,,,,,,,,,,,,,,,,,,,,,,,,,,,,
Katwa,2026-07-04,,52.0,38.0,,,,,,,,,,,,,,,,,,,,,,,,,,,,
Katwa,2026-07-05,,52.0,38.0,,,,,,,,,,,,,,,,,,,,,,,,,,,,
Katwa,2026-07-06,,56.0,41.0,,,,,,,,,,,,,,,,,,,,,,,,,,,,
Katwa,2026-07-07,,61.0,41.0,,,,,,,,,,,,,,,,,,,,,,,,,,,,
Katwa,2026-07-08,,61.0,41.0,,,,,,,,,,,,,,,,,,,,,,,,,,,,
Katwa,2026-07-09,,66.0,45.0,,,,,,,,,,,,,,,,,,,,,,,,,,,,
Katwa,2026-07-10,,67.0,45.0,,,,,,,,,,,,,,,,,,,,,,,,,,,,
Katwa,2026-07-11,,71.0,47.0,,,,,,,,,,,,,,,,,,,,,,,,,,,,
Kilo,2026-05-21,,1.0,0.0,,0.0,1.0,0.0,,,,,,,,,,,1.0,,0.0,,,,1.0,0.0,,,,,,
Kilo,2026-05-22,,1.0,0.0,,176.0,6.0,2.0,,,,,,,,,,,0.0,,176.0,,,,1.0,2.0,,,,,,
Kilo,2026-05-23,,1.0,0.0,8.0,0.0,6.0,2.0,,,,,,,,,,,0.0,8.0,,,,,,0.0,,,,,,
Kilo,2026-05-24,,1.0,0.0,,0.0,8.0,2.0,,,,,,,,,,,0.0,,0.0,,,,1.0,0.0,,,,,,
Kilo,2026-05-25,,1.0,0.0,,0.0,18.0,0.0,,,,,,,,,,,0.0,,0.0,,,,10.0,0.0,,,,,,
Kilo,2026-05-26,,1.0,0.0,,0.0,18.0,0.0,,,,,,,,,,,0.0,,0.0,,,,0.0,0.0,,,,,,
Kilo,2026-05-27,,1.0,0.0,,41.0,8.0,2.0,,,,,,,,,,,0.0,,41.0,,,,,,,,,,,
Kilo,2026-05-28,,2.0,0.0,,41.0,8.0,2.0,,,,,,,,,,,,,,,,,,,,,,,,
Kilo,2026-05-29,,2.0,0.0,,41.0,8.0,2.0,,,,,,,,,,,0.0,,41.0,,,,,,,,,,,
Kilo,2026-05-30,,2.0,0.0,,41.0,8.0,2.0,,,,,,,,,,,,,,,,,,,,,,,,
Kilo,2026-06-01,,2.0,0.0,,,,,,,,,,,,,,,0.0,,,,,,,,,,,,,
Kilo,2026-06-02,,2.0,0.0,,,,,,,,,,,,,,,,,,,,,,,,,,,,
Kilo,2026-06-03,,2.0,0.0,,,,,,,,,,,,,,,,,,,,,,,,,,,,
Kilo,2026-06-04,,3.0,1.0,,,,,,,,,,,,,,,,,,,,,,,,,,,,
Kilo,2026-06-05,,4.0,1.0,,,,,,,,,,,,,,,,,,,,,,,,,,,,
Kilo,2026-06-06,,4.0,1.0,,,,,,,,,,,,,,,,,,,,,,,,,,,,
Kilo,2026-06-07,,4.0,1.0,,,,,,,,,,,,,,,,,,,,,,,,,,,,
Kilo,2026-06-08,,4.0,1.0,,,,,,,,,,,,,,,,,,,,,,,,,,,,
Kilo,2026-06-09,,4.0,1.0,,,,,,,,,,,,,,,,,,,,,,,,,,,,
Kilo,2026-06-10,,4.0,1.0,,,,,,,,,,,,,,,,,,,,,,,,,,,,
Kilo,2026-06-11,,4.0,1.0,,,,,,,,,,,,,,,,,,,,,,,,,,,,
Kilo,2026-06-13,,4.0,1.0,,,,,,,,,,,,,,,,,,,,,,,,,,,,
Kilo,2026-06-14,,4.0,1.0,,,,,,,,,,,,,,,,,,,,,,,,,,,,
Kilo,2026-06-15,,4.0,1.0,,,,,,,,,,,,,,,,,,,,,,,,,,,,
Kilo,2026-06-16,,4.0,,,,,,,,,,,,,,,,,,,,,,,,,,,,,
Kilo,2026-06-17,,7.0,1.0,,,,,,,,,,,,,,,,,,,,,,,,,,,,
Kilo,2026-06-18,,7.0,1.0,,,,,,,,,,,,,,,,,,,,,,,,,,,,
Kilo,2026-06-19,,7.0,1.0,,,,,,,,,,,,,,,,,,,,,,,,,,,,
Kilo,2026-06-20,,7.0,1.0,,,,,,,,,,,,,,,,,,,,,,,,,,,,
Kilo,2026-06-21,,7.0,1.0,,,,,,,,,,,,,,,,,,,,,,,,,,,,
Kilo,2026-06-22,,7.0,1.0,,,,,,,,,,,,,,,,,,,,,,,,,,,,
Kilo,2026-06-23,,7.0,1.0,,,,,,,,,,,,,,,,,,,,,,,,,,,,
Kilo,2026-06-24,,9.0,1.0,,,,,,,,,,,,,,,,,,,,,,,,,,,,
Kilo,2026-06-25,,9.0,1.0,,,,,,,,,,,,,,,,,,,,,,,,,,,,
Kilo,2026-06-29,,9.0,1.0,,,,,,,,,,,,,,,,,,,,,,,,,,,,
Kilo,2026-06-30,,9.0,1.0,,,,,,,,,,,,,,,,,,,,,,,,,,,,
Kilo,2026-07-01,,9.0,1.0,,,,,,,,,,,,,,,,,,,,,,,,,,,,
Kilo,2026-07-02,,9.0,1.0,,,,,,,,,,,,,,,,,,,,,,,,,,,,
Kilo,2026-07-03,,9.0,1.0,,,,,,,,,,,,,,,,,,,,,,,,,,,,
Kilo,2026-07-04,,9.0,1.0,,,,,,,,,,,,,,,,,,,,,,,,,,,,
Kilo,2026-07-05,,9.0,1.0,,,,,,,,,,,,,,,,,,,,,,,,,,,,
Kilo,2026-07-06,,9.0,1.0,,,,,,,,,,,,,,,,,,,,,,,,,,,,
Kilo,2026-07-07,,9.0,1.0,,,,,,,,,,,,,,,,,,,,,,,,,,,,
Kilo,2026-07-08,,9.0,1.0,,,,,,,,,,,,,,,,,,,,,,,,,,,,
Kilo,2026-07-09,,9.0,1.0,,,,,,,,,,,,,,,,,,,,,,,,,,,,
Kilo,2026-07-10,,9.0,1.0,,,,,,,,,,,,,,,,,,,,,,,,,,,,
Kilo,2026-07-11,,9.0,1.0,,,,,,,,,,,,,,,,,,,,,,,,,,,,
Komanda,2026-05-19,,,,2.0,,,,,,,,,,,,,,,2.0,,,,,,,,,,,,
Komanda,2026-05-22,,,1.0,1.0,,,,,,,,,,,,,,,1.0,,,,,,,,,,,,
Komanda,2026-05-23,,,1.0,,,,,,,,,,,,,,,,,,,,,,,,,,,,
Komanda,2026-05-24,,,1.0,,,,,,,,,,,,,,,,,,,,,,,,,,,,
Komanda,2026-05-25,,,1.0,,,,,,,,,,,,,,,,,,,,,,,,,,,,
Komanda,2026-05-26,,,1.0,,,,,,,,,,,,,,,,,,,,,,,,,,,,
Komanda,2026-05-27,,,1.0,,,,,,,,,,,,,,,,,,,,,,,,,,,,
Komanda,2026-05-28,,1.0,1.0,,,,,,,,,,,,,,,,,,,,,,,,,,,,
Komanda,2026-05-29,,1.0,0.0,,,,,,,,,,,,,,,,,,,,,,,,,,,,
Komanda,2026-05-30,,1.0,0.0,,,,,,,,,,,,,,,,,,,,,,,,,,,,
Komanda,2026-06-01,,1.0,0.0,,,,,,,,,,,,,,,1.0,,,,,,,,,,,,,
Komanda,2026-06-02,,1.0,0.0,,,,,,,,,,,,,,,,,,,,,,,,,,,,
Komanda,2026-06-03,,1.0,0.0,,,,,,,,,,,,,,,,,,,,,,,,,,,,
Komanda,2026-06-04,,3.0,0.0,,,,,,,,,,,,,,,,,,,,,,,,,,,,
Komanda,2026-06-05,,3.0,0.0,,,,,,,,,,,,,,,,,,,,,,,,,,,,
Komanda,2026-06-06,,3.0,0.0,,,,,,,,,,,,,,,,,,,,,,,,,,,,
Komanda,2026-06-07,,3.0,0.0,,,,,,,,,,,,,,,,,,,,,,,,,,,,
Komanda,2026-06-08,,3.0,0.0,,,,,,,,,,,,,,,,,,,,,,,,,,,,
Komanda,2026-06-09,,3.0,0.0,,,,,,,,,,,,,,,,,,,,,,,,,,,,
Komanda,2026-06-10,,3.0,0.0,,,,,,,,,,,,,,,,,,,,,,,,,,,,
Komanda,2026-06-11,,3.0,0.0,,,,,,,,,,,,,,,,,,,,,,,,,,,,
Komanda,2026-06-13,,6.0,0.0,,,,,,,,,,,,,,,,,,,,,,,,,,,,
Komanda,2026-06-14,,6.0,0.0,,,,,,,,,,,,,,,,,,,,,,,,,,,,
Komanda,2026-06-15,,7.0,1.0,,,,,,,,,,,,,,,,,,,,,,,,,,,,
Komanda,2026-06-16,,7.0,,,,,,,,,,,,,,,,,,,,,,,,,,,,,
Komanda,2026-06-17,,10.0,3.0,,,,,,,,,,,,,,,,,,,,,,,,,,,,
Komanda,2026-06-18,,10.0,3.0,,,,,,,,,,,,,,,,,,,,,,,,,,,,
Komanda,2026-06-19,,10.0,3.0,,,,,,,,,,,,,,,,,,,,,,,,,,,,
Komanda,2026-06-20,,10.0,3.0,,,,,,,,,,,,,,,,,,,,,,,,,,,,
Komanda,2026-06-21,,10.0,3.0,,,,,,,,,,,,,,,,,,,,,,,,,,,,
Komanda,2026-06-22,,10.0,3.0,,,,,,,,,,,,,,,,,,,,,,,,,,,,
Komanda,2026-06-23,,13.0,3.0,,,,,,,,,,,,,,,,,,,,,,,,,,,,
Komanda,2026-06-24,,13.0,3.0,,,,,,,,,,,,,,,,,,,,,,,,,,,,
Komanda,2026-06-25,,13.0,3.0,,,,,,,,,,,,,,,,,,,,,,,,,,,,
Komanda,2026-06-29,,16.0,5.0,,,,,,,,,,,,,,,,,,,,,,,,,,,,
Komanda,2026-06-30,,18.0,5.0,,,,,,,,,,,,,,,,,,,,,,,,,,,,
Komanda,2026-07-01,,19.0,5.0,,,,,,,,,,,,,,,,,,,,,,,,,,,,
Komanda,2026-07-02,,19.0,5.0,,,,,,,,,,,,,,,,,,,,,,,,,,,,
Komanda,2026-07-03,,19.0,5.0,,,,,,,,,,,,,,,,,,,,,,,,,,,,
Komanda,2026-07-04,,22.0,8.0,,,,,,,,,,,,,,,,,,,,,,,,,,,,
Komanda,2026-07-05,,22.0,8.0,,,,,,,,,,,,,,,,,,,,,,,,,,,,
Komanda,2026-07-06,,23.0,8.0,,,,,,,,,,,,,,,,,,,,,,,,,,,,
Komanda,2026-07-07,,23.0,8.0,,,,,,,,,,,,,,,,,,,,,,,,,,,,
Komanda,2026-07-08,,23.0,8.0,,,,,,,,,,,,,,,,,,,,,,,,,,,,
Komanda,2026-07-09,,25.0,8.0,,,,,,,,,,,,,,,,,,,,,,,,,,,,
Komanda,2026-07-10,,25.0,8.0,,,,,,,,,,,,,,,,,,,,,,,,,,,,
Komanda,2026-07-11,,27.0,8.0,,,,,,,,,,,,,,,,,,,,,,,,,,,,
Kyondo,2026-05-24,,,,,16.0,,,,,,,,,,,,,,,16.0,,,,,,,,,,,
Kyondo,2026-05-25,,1.0,,,16.0,,,,,,,,,,,,,,,0.0,,,,,,,,,,,
Kyondo,2026-05-26,,1.0,,,16.0,3.0,0.0,,,,,,,,,,,1.0,,0.0,,,,3.0,0.0,,,,,,
Kyondo,2026-05-27,,,,,16.0,,0.0,,,,,,,,,,,,,0.0,,,,,,,,,,,
Kyondo,2026-05-28,,1.0,0.0,,16.0,,0.0,,,,,,,,,,,,,,,,,,,,,,,,
Kyondo,2026-05-29,,1.0,0.0,,16.0,,0.0,,,,,,,,,,,,,16.0,,,,,,,,,,,
Kyondo,2026-05-30,,1.0,0.0,,16.0,,0.0,,,,,,,,,,,,,,,,,,,,,,,,
Kyondo,2026-06-01,,1.0,0.0,,,,,,,,,,,,,,,0.0,,,,,,,,,,,,,
Kyondo,2026-06-02,,1.0,0.0,,,,,,,,,,,,,,,,,,,,,,,,,,,,
Kyondo,2026-06-03,,1.0,0.0,,,,,,,,,,,,,,,,,,,,,,,,,,,,
Kyondo,2026-06-04,,1.0,0.0,,,,,,,,,,,,,,,,,,,,,,,,,,,,
Kyondo,2026-06-05,,1.0,0.0,,,,,,,,,,,,,,,,,,,,,,,,,,,,
Kyondo,2026-06-06,,1.0,0.0,,,,,,,,,,,,,,,,,,,,,,,,,,,,
Kyondo,2026-06-07,,1.0,0.0,,,,,,,,,,,,,,,,,,,,,,,,,,,,
Kyondo,2026-06-08,,1.0,0.0,,,,,,,,,,,,,,,,,,,,,,,,,,,,
Kyondo,2026-06-09,,1.0,0.0,,,,,,,,,,,,,,,,,,,,,,,,,,,,
Kyondo,2026-06-10,,2.0,0.0,,,,,,,,,,,,,,,,,,,,,,,,,,,,
Kyondo,2026-06-11,,2.0,2.0,,,,,,,,,,,,,,,,,,,,,,,,,,,,
Kyondo,2026-06-13,,2.0,1.0,,,,,,,,,,,,,,,,,,,,,,,,,,,,
Kyondo,2026-06-14,,2.0,1.0,,,,,,,,,,,,,,,,,,,,,,,,,,,,
Kyondo,2026-06-15,,2.0,1.0,,,,,,,,,,,,,,,,,,,,,,,,,,,,
Kyondo,2026-06-16,,2.0,,,,,,,,,,,,,,,,,,,,,,,,,,,,,
Kyondo,2026-06-17,,2.0,1.0,,,,,,,,,,,,,,,,,,,,,,,,,,,,
Kyondo,2026-06-18,,2.0,1.0,,,,,,,,,,,,,,,,,,,,,,,,,,,,
Kyondo,2026-06-19,,2.0,1.0,,,,,,,,,,,,,,,,,,,,,,,,,,,,
Kyondo,2026-06-20,,2.0,1.0,,,,,,,,,,,,,,,,,,,,,,,,,,,,
Kyondo,2026-06-21,,3.0,1.0,,,,,,,,,,,,,,,,,,,,,,,,,,,,
Kyondo,2026-06-22,,3.0,1.0,,,,,,,,,,,,,,,,,,,,,,,,,,,,
Kyondo,2026-06-23,,3.0,2.0,,,,,,,,,,,,,,,,,,,,,,,,,,,,
Kyondo,2026-06-24,,3.0,2.0,,,,,,,,,,,,,,,,,,,,,,,,,,,,
Kyondo,2026-06-25,,3.0,2.0,,,,,,,,,,,,,,,,,,,,,,,,,,,,
Kyondo,2026-06-29,,3.0,2.0,,,,,,,,,,,,,,,,,,,,,,,,,,,,
Kyondo,2026-06-30,,3.0,2.0,,,,,,,,,,,,,,,,,,,,,,,,,,,,
Kyondo,2026-07-01,,3.0,2.0,,,,,,,,,,,,,,,,,,,,,,,,,,,,
Kyondo,2026-07-02,,3.0,2.0,,,,,,,,,,,,,,,,,,,,,,,,,,,,
Kyondo,2026-07-03,,4.0,2.0,,,,,,,,,,,,,,,,,,,,,,,,,,,,
Kyondo,2026-07-04,,4.0,2.0,,,,,,,,,,,,,,,,,,,,,,,,,,,,
Kyondo,2026-07-05,,4.0,2.0,,,,,,,,,,,,,,,,,,,,,,,,,,,,
Kyondo,2026-07-06,,4.0,2.0,,,,,,,,,,,,,,,,,,,,,,,,,,,,
Kyondo,2026-07-07,,4.0,2.0,,,,,,,,,,,,,,,,,,,,,,,,,,,,
Kyondo,2026-07-08,,4.0,2.0,,,,,,,,,,,,,,,,,,,,,,,,,,,,
Kyondo,2026-07-09,,5.0,3.0,,,,,,,,,,,,,,,,,,,,,,,,,,,,
Kyondo,2026-07-10,,5.0,3.0,,,,,,,,,,,,,,,,,,,,,,,,,,,,
Kyondo,2026-07-11,,7.0,3.0,,,,,,,,,,,,,,,,,,,,,,,,,,,,
Lita,2026-05-28,,1.0,0.0,,,,,,,,,,,,,,,,,,,,,,,,,,,,
Lita,2026-05-29,,1.0,0.0,,,,,,,,,,,,,,,1.0,,,,,,,,,,,,,
Lita,2026-05-30,,1.0,0.0,,,,,,,,,,,,,,,,,,,,,,,,,,,,
Lita,2026-06-01,,1.0,0.0,,,,,,,,,,,,,,,0.0,,,,,,,,,,,,,
Lita,2026-06-02,,1.0,0.0,,,,,,,,,,,,,,,,,,,,,,,,,,,,
Lita,2026-06-03,,2.0,0.0,,,,,,,,,,,,,,,,,,,,,,,,,,,,
Lita,2026-06-04,,3.0,0.0,,,,,,,,,,,,,,,,,,,,,,,,,,,,
Lita,2026-06-05,,4.0,0.0,,,,,,,,,,,,,,,,,,,,,,,,,,,,
Lita,2026-06-06,,4.0,0.0,,,,,,,,,,,,,,,,,,,,,,,,,,,,
Lita,2026-06-07,,4.0,0.0,,,,,,,,,,,,,,,,,,,,,,,,,,,,
Lita,2026-06-08,,4.0,0.0,,,,,,,,,,,,,,,,,,,,,,,,,,,,
Lita,2026-06-09,,5.0,0.0,,,,,,,,,,,,,,,,,,,,,,,,,,,,
Lita,2026-06-10,,6.0,0.0,,,,,,,,,,,,,,,,,,,,,,,,,,,,
Lita,2026-06-11,,6.0,0.0,,,,,,,,,,,,,,,,,,,,,,,,,,,,
Lita,2026-06-13,,6.0,0.0,,,,,,,,,,,,,,,,,,,,,,,,,,,,
Lita,2026-06-14,,6.0,0.0,,,,,,,,,,,,,,,,,,,,,,,,,,,,
Lita,2026-06-15,,9.0,0.0,,,,,,,,,,,,,,,,,,,,,,,,,,,,
Lita,2026-06-16,,9.0,,,,,,,,,,,,,,,,,,,,,,,,,,,,,
Lita,2026-06-17,,18.0,4.0,,,,,,,,,,,,,,,,,,,,,,,,,,,,
Lita,2026-06-18,,20.0,6.0,,,,,,,,,,,,,,,,,,,,,,,,,,,,
Lita,2026-06-19,,20.0,6.0,,,,,,,,,,,,,,,,,,,,,,,,,,,,
Lita,2026-06-20,,20.0,6.0,,,,,,,,,,,,,,,,,,,,,,,,,,,,
Lita,2026-06-21,,21.0,6.0,,,,,,,,,,,,,,,,,,,,,,,,,,,,
Lita,2026-06-22,,24.0,6.0,,,,,,,,,,,,,,,,,,,,,,,,,,,,
Lita,2026-06-23,,26.0,6.0,,,,,,,,,,,,,,,,,,,,,,,,,,,,
Lita,2026-06-24,,26.0,6.0,,,,,,,,,,,,,,,,,,,,,,,,,,,,
Lita,2026-06-25,,26.0,6.0,,,,,,,,,,,,,,,,,,,,,,,,,,,,
Lita,2026-06-29,,29.0,9.0,,,,,,,,,,,,,,,,,,,,,,,,,,,,
Lita,2026-06-30,,29.0,9.0,,,,,,,,,,,,,,,,,,,,,,,,,,,,
Lita,2026-07-01,,32.0,11.0,,,,,,,,,,,,,,,,,,,,,,,,,,,,
Lita,2026-07-02,,33.0,12.0,,,,,,,,,,,,,,,,,,,,,,,,,,,,
Lita,2026-07-03,,33.0,12.0,,,,,,,,,,,,,,,,,,,,,,,,,,,,
Lita,2026-07-04,,33.0,12.0,,,,,,,,,,,,,,,,,,,,,,,,,,,,
Lita,2026-07-05,,33.0,12.0,,,,,,,,,,,,,,,,,,,,,,,,,,,,
Lita,2026-07-06,,40.0,16.0,,,,,,,,,,,,,,,,,,,,,,,,,,,,
Lita,2026-07-07,,40.0,16.0,,,,,,,,,,,,,,,,,,,,,,,,,,,,
Lita,2026-07-08,,41.0,16.0,,,,,,,,,,,,,,,,,,,,,,,,,,,,
Lita,2026-07-09,,42.0,17.0,,,,,,,,,,,,,,,,,,,,,,,,,,,,
Lita,2026-07-10,,45.0,19.0,,,,,,,,,,,,,,,,,,,,,,,,,,,,
Lita,2026-07-11,,48.0,19.0,,,,,,,,,,,,,,,,,,,,,,,,,,,,
Logo,2026-06-01,,1.0,0.0,,,,,,,,,,,,,,,1.0,,,,,,,,,,,,,
Logo,2026-06-02,,1.0,0.0,,,,,,,,,,,,,,,,,,,,,,,,,,,,
Logo,2026-06-04,,2.0,0.0,,,,,,,,,,,,,,,,,,,,,,,,,,,,
Logo,2026-06-05,,2.0,0.0,,,,,,,,,,,,,,,,,,,,,,,,,,,,
Logo,2026-06-06,,2.0,0.0,,,,,,,,,,,,,,,,,,,,,,,,,,,,
Logo,2026-06-07,,2.0,0.0,,,,,,,,,,,,,,,,,,,,,,,,,,,,
Logo,2026-06-08,,2.0,0.0,,,,,,,,,,,,,,,,,,,,,,,,,,,,
Logo,2026-06-09,,2.0,0.0,,,,,,,,,,,,,,,,,,,,,,,,,,,,
Logo,2026-06-10,,2.0,0.0,,,,,,,,,,,,,,,,,,,,,,,,,,,,
Logo,2026-06-11,,2.0,0.0,,,,,,,,,,,,,,,,,,,,,,,,,,,,
Logo,2026-06-13,,2.0,0.0,,,,,,,,,,,,,,,,,,,,,,,,,,,,
Logo,2026-06-14,,2.0,0.0,,,,,,,,,,,,,,,,,,,,,,,,,,,,
Logo,2026-06-15,,2.0,0.0,,,,,,,,,,,,,,,,,,,,,,,,,,,,
Logo,2026-06-16,,2.0,,,,,,,,,,,,,,,,,,,,,,,,,,,,,
Logo,2026-06-17,,2.0,0.0,,,,,,,,,,,,,,,,,,,,,,,,,,,,
Logo,2026-06-18,,2.0,0.0,,,,,,,,,,,,,,,,,,,,,,,,,,,,
Logo,2026-06-19,,2.0,0.0,,,,,,,,,,,,,,,,,,,,,,,,,,,,
Logo,2026-06-20,,2.0,0.0,,,,,,,,,,,,,,,,,,,,,,,,,,,,
Logo,2026-06-21,,2.0,0.0,,,,,,,,,,,,,,,,,,,,,,,,,,,,
Logo,2026-06-22,,5.0,0.0,,,,,,,,,,,,,,,,,,,,,,,,,,,,
Logo,2026-06-23,,5.0,0.0,,,,,,,,,,,,,,,,,,,,,,,,,,,,
Logo,2026-06-24,,5.0,0.0,,,,,,,,,,,,,,,,,,,,,,,,,,,,
Logo,2026-06-25,,7.0,0.0,,,,,,,,,,,,,,,,,,,,,,,,,,,,
Logo,2026-06-29,,7.0,0.0,,,,,,,,,,,,,,,,,,,,,,,,,,,,
Logo,2026-06-30,,7.0,0.0,,,,,,,,,,,,,,,,,,,,,,,,,,,,
Logo,2026-07-01,,7.0,0.0,,,,,,,,,,,,,,,,,,,,,,,,,,,,
Logo,2026-07-02,,7.0,0.0,,,,,,,,,,,,,,,,,,,,,,,,,,,,
Logo,2026-07-03,,7.0,0.0,,,,,,,,,,,,,,,,,,,,,,,,,,,,
Logo,2026-07-04,,7.0,0.0,,,,,,,,,,,,,,,,,,,,,,,,,,,,
Logo,2026-07-05,,7.0,0.0,,,,,,,,,,,,,,,,,,,,,,,,,,,,
Logo,2026-07-06,,7.0,0.0,,,,,,,,,,,,,,,,,,,,,,,,,,,,
Logo,2026-07-07,,7.0,0.0,,,,,,,,,,,,,,,,,,,,,,,,,,,,
Logo,2026-07-08,,7.0,0.0,,,,,,,,,,,,,,,,,,,,,,,,,,,,
Logo,2026-07-09,,7.0,0.0,,,,,,,,,,,,,,,,,,,,,,,,,,,,
Logo,2026-07-10,,7.0,0.0,,,,,,,,,,,,,,,,,,,,,,,,,,,,
Logo,2026-07-11,,7.0,0.0,,,,,,,,,,,,,,,,,,,,,,,,,,,,
Lolwa,2026-06-30,,1.0,1.0,,,,,,,,,,,,,,,,,,,,,,,,,,,,
Lolwa,2026-07-01,,1.0,1.0,,,,,,,,,,,,,,,,,,,,,,,,,,,,
Lolwa,2026-07-02,,1.0,1.0,,,,,,,,,,,,,,,,,,,,,,,,,,,,
Lolwa,2026-07-03,,1.0,1.0,,,,,,,,,,,,,,,,,,,,,,,,,,,,
Lolwa,2026-07-04,,1.0,1.0,,,,,,,,,,,,,,,,,,,,,,,,,,,,
Lolwa,2026-07-05,,1.0,1.0,,,,,,,,,,,,,,,,,,,,,,,,,,,,
Lolwa,2026-07-06,,1.0,1.0,,,,,,,,,,,,,,,,,,,,,,,,,,,,
Lolwa,2026-07-07,,1.0,1.0,,,,,,,,,,,,,,,,,,,,,,,,,,,,
Lolwa,2026-07-08,,1.0,1.0,,,,,,,,,,,,,,,,,,,,,,,,,,,,
Lolwa,2026-07-09,,1.0,1.0,,,,,,,,,,,,,,,,,,,,,,,,,,,,
Lolwa,2026-07-10,,1.0,1.0,,,,,,,,,,,,,,,,,,,,,,,,,,,,
Lolwa,2026-07-11,,1.0,1.0,,,,,,,,,,,,,,,,,,,,,,,,,,,,
Lubunga (Tshopo),2026-07-10,,1.0,0.0,,,,,,,,,,,,,,,,,,,,,,,,,,,,
Lubunga (Tshopo),2026-07-11,,1.0,0.0,,,,,,,,,,,,,,,,,,,,,,,,,,,,
Mabalako,2026-06-13,,1.0,0.0,,,,,,,,,,,,,,,,,,,,,,,,,,,,
Mabalako,2026-06-14,,1.0,0.0,,,,,,,,,,,,,,,,,,,,,,,,,,,,
Mabalako,2026-06-15,,1.0,0.0,,,,,,,,,,,,,,,,,,,,,,,,,,,,
Mabalako,2026-06-16,,1.0,,,,,,,,,,,,,,,,,,,,,,,,,,,,,
Mabalako,2026-06-17,,1.0,0.0,,,,,,,,,,,,,,,,,,,,,,,,,,,,
Mabalako,2026-06-18,,1.0,0.0,,,,,,,,,,,,,,,,,,,,,,,,,,,,
Mabalako,2026-06-19,,1.0,0.0,,,,,,,,,,,,,,,,,,,,,,,,,,,,
Mabalako,2026-06-20,,1.0,0.0,,,,,,,,,,,,,,,,,,,,,,,,,,,,
Mabalako,2026-06-21,,1.0,0.0,,,,,,,,,,,,,,,,,,,,,,,,,,,,
Mabalako,2026-06-22,,1.0,0.0,,,,,,,,,,,,,,,,,,,,,,,,,,,,
Mabalako,2026-06-23,,1.0,0.0,,,,,,,,,,,,,,,,,,,,,,,,,,,,
Mabalako,2026-06-24,,1.0,0.0,,,,,,,,,,,,,,,,,,,,,,,,,,,,
Mabalako,2026-06-25,,1.0,0.0,,,,,,,,,,,,,,,,,,,,,,,,,,,,
Mabalako,2026-06-29,,1.0,0.0,,,,,,,,,,,,,,,,,,,,,,,,,,,,
Mabalako,2026-06-30,,1.0,0.0,,,,,,,,,,,,,,,,,,,,,,,,,,,,
Mabalako,2026-07-01,,1.0,0.0,,,,,,,,,,,,,,,,,,,,,,,,,,,,
Mabalako,2026-07-02,,1.0,0.0,,,,,,,,,,,,,,,,,,,,,,,,,,,,
Mabalako,2026-07-03,,1.0,0.0,,,,,,,,,,,,,,,,,,,,,,,,,,,,
Mabalako,2026-07-04,,1.0,0.0,,,,,,,,,,,,,,,,,,,,,,,,,,,,
Mabalako,2026-07-05,,1.0,0.0,,,,,,,,,,,,,,,,,,,,,,,,,,,,
Mabalako,2026-07-06,,1.0,0.0,,,,,,,,,,,,,,,,,,,,,,,,,,,,
Mabalako,2026-07-07,,1.0,0.0,,,,,,,,,,,,,,,,,,,,,,,,,,,,
Mabalako,2026-07-08,,1.0,0.0,,,,,,,,,,,,,,,,,,,,,,,,,,,,
Mabalako,2026-07-09,,1.0,0.0,,,,,,,,,,,,,,,,,,,,,,,,,,,,
Mabalako,2026-07-10,,1.0,0.0,,,,,,,,,,,,,,,,,,,,,,,,,,,,
Mabalako,2026-07-11,,1.0,0.0,,,,,,,,,,,,,,,,,,,,,,,,,,,,
Mahagi,2026-05-20,,,,,,,,,,,,,,,,,,,,,,,,,,184.0,184.0,0.0,0.0,184.0,184.0
Makiso Kisangani,2026-07-10,,2.0,2.0,,,,,,,,,,,,,,,,,,,,,,,,,,,,
Makiso Kisangani,2026-07-11,,2.0,2.0,,,,,,,,,,,,,,,,,,,,,,,,,,,,
Mambasa,2026-05-26,,0.0,,,,5.0,1.0,,,,,,,,,,,0.0,,,,,,5.0,1.0,,,,,,
Mambasa,2026-05-27,,0.0,,,,,,,,,,,,,,,,,,,,,,,,,,,,,
Mambasa,2026-05-28,,,,,,,,,,,,,,,,,,,,,,,,,,,,,,,
Mambasa,2026-05-29,,,,,,,,,,,,,,,,,,,,,,,,,,,,,,,
Mambasa,2026-05-30,,,,,,,,,,,,,,,,,,,,,,,,,,,,,,,
Mambasa,2026-06-01,,2.0,1.0,,,,,,,,,,,,,,,2.0,,,,,,,,,,,,,
Mambasa,2026-06-02,,2.0,1.0,,,,,,,,,,,,,,,,,,,,,,,,,,,,
Mambasa,2026-06-04,,2.0,1.0,,,,,,,,,,,,,,,,,,,,,,,,,,,,
Mambasa,2026-06-05,,2.0,1.0,,,,,,,,,,,,,,,,,,,,,,,,,,,,
Mambasa,2026-06-06,,2.0,1.0,,,,,,,,,,,,,,,,,,,,,,,,,,,,
Mambasa,2026-06-07,,2.0,1.0,,,,,,,,,,,,,,,,,,,,,,,,,,,,
Mambasa,2026-06-08,,2.0,1.0,,,,,,,,,,,,,,,,,,,,,,,,,,,,
Mambasa,2026-06-09,,2.0,1.0,,,,,,,,,,,,,,,,,,,,,,,,,,,,
Mambasa,2026-06-10,,2.0,1.0,,,,,,,,,,,,,,,,,,,,,,,,,,,,
Mambasa,2026-06-11,,2.0,1.0,,,,,,,,,,,,,,,,,,,,,,,,,,,,
Mambasa,2026-06-13,,2.0,1.0,,,,,,,,,,,,,,,,,,,,,,,,,,,,
Mambasa,2026-06-14,,2.0,1.0,,,,,,,,,,,,,,,,,,,,,,,,,,,,
Mambasa,2026-06-15,,2.0,1.0,,,,,,,,,,,,,,,,,,,,,,,,,,,,
Mambasa,2026-06-16,,2.0,,,,,,,,,,,,,,,,,,,,,,,,,,,,,
Mambasa,2026-06-17,,2.0,1.0,,,,,,,,,,,,,,,,,,,,,,,,,,,,
Mambasa,2026-06-18,,2.0,1.0,,,,,,,,,,,,,,,,,,,,,,,,,,,,
Mambasa,2026-06-19,,2.0,1.0,,,,,,,,,,,,,,,,,,,,,,,,,,,,
Mambasa,2026-06-20,,2.0,1.0,,,,,,,,,,,,,,,,,,,,,,,,,,,,
Mambasa,2026-06-21,,2.0,1.0,,,,,,,,,,,,,,,,,,,,,,,,,,,,
Mambasa,2026-06-22,,2.0,1.0,,,,,,,,,,,,,,,,,,,,,,,,,,,,
Mambasa,2026-06-23,,2.0,1.0,,,,,,,,,,,,,,,,,,,,,,,,,,,,
Mambasa,2026-06-24,,2.0,1.0,,,,,,,,,,,,,,,,,,,,,,,,,,,,
Mambasa,2026-06-25,,2.0,1.0,,,,,,,,,,,,,,,,,,,,,,,,,,,,
Mambasa,2026-06-29,,2.0,1.0,,,,,,,,,,,,,,,,,,,,,,,,,,,,
Mambasa,2026-06-30,,2.0,1.0,,,,,,,,,,,,,,,,,,,,,,,,,,,,
Mambasa,2026-07-01,,2.0,1.0,,,,,,,,,,,,,,,,,,,,,,,,,,,,
Mambasa,2026-07-02,,2.0,1.0,,,,,,,,,,,,,,,,,,,,,,,,,,,,
Mambasa,2026-07-03,,2.0,1.0,,,,,,,,,,,,,,,,,,,,,,,,,,,,
Mambasa,2026-07-04,,2.0,1.0,,,,,,,,,,,,,,,,,,,,,,,,,,,,
Mambasa,2026-07-05,,2.0,1.0,,,,,,,,,,,,,,,,,,,,,,,,,,,,
Mambasa,2026-07-06,,4.0,3.0,,,,,,,,,,,,,,,,,,,,,,,,,,,,
Mambasa,2026-07-07,,4.0,3.0,,,,,,,,,,,,,,,,,,,,,,,,,,,,
Mambasa,2026-07-08,,4.0,3.0,,,,,,,,,,,,,,,,,,,,,,,,,,,,
Mambasa,2026-07-09,,5.0,4.0,,,,,,,,,,,,,,,,,,,,,,,,,,,,
Mambasa,2026-07-10,,5.0,4.0,,,,,,,,,,,,,,,,,,,,,,,,,,,,
Mambasa,2026-07-11,,5.0,4.0,,,,,,,,,,,,,,,,,,,,,,,,,,,,
Mandima,2026-06-29,,1.0,0.0,,,,,,,,,,,,,,,,,,,,,,,,,,,,
Mandima,2026-06-30,,2.0,1.0,,,,,,,,,,,,,,,,,,,,,,,,,,,,
Mandima,2026-07-01,,2.0,1.0,,,,,,,,,,,,,,,,,,,,,,,,,,,,
Mandima,2026-07-02,,4.0,1.0,,,,,,,,,,,,,,,,,,,,,,,,,,,,
Mandima,2026-07-03,,4.0,1.0,,,,,,,,,,,,,,,,,,,,,,,,,,,,
Mandima,2026-07-04,,4.0,1.0,,,,,,,,,,,,,,,,,,,,,,,,,,,,
Mandima,2026-07-05,,4.0,1.0,,,,,,,,,,,,,,,,,,,,,,,,,,,,
Mandima,2026-07-06,,5.0,2.0,,,,,,,,,,,,,,,,,,,,,,,,,,,,
Mandima,2026-07-07,,5.0,2.0,,,,,,,,,,,,,,,,,,,,,,,,,,,,
Mandima,2026-07-08,,5.0,2.0,,,,,,,,,,,,,,,,,,,,,,,,,,,,
Mandima,2026-07-09,,5.0,2.0,,,,,,,,,,,,,,,,,,,,,,,,,,,,
Mandima,2026-07-10,,8.0,3.0,,,,,,,,,,,,,,,,,,,,,,,,,,,,
Mandima,2026-07-11,,8.0,3.0,,,,,,,,,,,,,,,,,,,,,,,,,,,,
Mangala,2026-05-19,,,,1.0,,,,,,,,,,,,,,,1.0,,,,,,,,,,,,
Mangala,2026-05-28,,1.0,0.0,,,,,,,,,,,,,,,,,,,,,,,,,,,,
Mangala,2026-05-29,,1.0,0.0,,,,,,,,,,,,,,,0.0,,,,,,,,,,,,,
Mangala,2026-05-30,,1.0,0.0,,,,,,,,,,,,,,,,,,,,,,,,,,,,
Mangala,2026-06-01,,1.0,0.0,,,,,,,,,,,,,,,0.0,,,,,,,,,,,,,
Mangala,2026-06-02,,1.0,0.0,,,,,,,,,,,,,,,,,,,,,,,,,,,,
Mangala,2026-06-03,,1.0,0.0,,,,,,,,,,,,,,,,,,,,,,,,,,,,
Mangala,2026-06-04,,1.0,0.0,,,,,,,,,,,,,,,,,,,,,,,,,,,,
Mangala,2026-06-05,,1.0,0.0,,,,,,,,,,,,,,,,,,,,,,,,,,,,
Mangala,2026-06-06,,1.0,0.0,,,,,,,,,,,,,,,,,,,,,,,,,,,,
Mangala,2026-06-07,,1.0,0.0,,,,,,,,,,,,,,,,,,,,,,,,,,,,
Mangala,2026-06-08,,1.0,0.0,,,,,,,,,,,,,,,,,,,,,,,,,,,,
Mangala,2026-06-09,,1.0,0.0,,,,,,,,,,,,,,,,,,,,,,,,,,,,
Mangala,2026-06-10,,2.0,0.0,,,,,,,,,,,,,,,,,,,,,,,,,,,,
Mangala,2026-06-11,,2.0,0.0,,,,,,,,,,,,,,,,,,,,,,,,,,,,
Mangala,2026-06-13,,5.0,3.0,,,,,,,,,,,,,,,,,,,,,,,,,,,,
Mangala,2026-06-14,,5.0,3.0,,,,,,,,,,,,,,,,,,,,,,,,,,,,
Mangala,2026-06-15,,5.0,3.0,,,,,,,,,,,,,,,,,,,,,,,,,,,,
Mangala,2026-06-16,,5.0,,,,,,,,,,,,,,,,,,,,,,,,,,,,,
Mangala,2026-06-17,,5.0,3.0,,,,,,,,,,,,,,,,,,,,,,,,,,,,
Mangala,2026-06-18,,7.0,4.0,,,,,,,,,,,,,,,,,,,,,,,,,,,,
Mangala,2026-06-19,,7.0,4.0,,,,,,,,,,,,,,,,,,,,,,,,,,,,
Mangala,2026-06-20,,7.0,4.0,,,,,,,,,,,,,,,,,,,,,,,,,,,,
Mangala,2026-06-21,,11.0,5.0,,,,,,,,,,,,,,,,,,,,,,,,,,,,
Mangala,2026-06-22,,14.0,6.0,,,,,,,,,,,,,,,,,,,,,,,,,,,,
Mangala,2026-06-23,,17.0,8.0,,,,,,,,,,,,,,,,,,,,,,,,,,,,
Mangala,2026-06-24,,17.0,8.0,,,,,,,,,,,,,,,,,,,,,,,,,,,,
Mangala,2026-06-25,,17.0,8.0,,,,,,,,,,,,,,,,,,,,,,,,,,,,
Mangala,2026-06-29,,24.0,12.0,,,,,,,,,,,,,,,,,,,,,,,,,,,,
Mangala,2026-06-30,,24.0,12.0,,,,,,,,,,,,,,,,,,,,,,,,,,,,
Mangala,2026-07-01,,24.0,12.0,,,,,,,,,,,,,,,,,,,,,,,,,,,,
Mangala,2026-07-02,,24.0,12.0,,,,,,,,,,,,,,,,,,,,,,,,,,,,
Mangala,2026-07-03,,26.0,14.0,,,,,,,,,,,,,,,,,,,,,,,,,,,,
Mangala,2026-07-04,,26.0,14.0,,,,,,,,,,,,,,,,,,,,,,,,,,,,
Mangala,2026-07-05,,33.0,14.0,,,,,,,,,,,,,,,,,,,,,,,,,,,,
Mangala,2026-07-06,,39.0,20.0,,,,,,,,,,,,,,,,,,,,,,,,,,,,
Mangala,2026-07-07,,40.0,20.0,,,,,,,,,,,,,,,,,,,,,,,,,,,,
Mangala,2026-07-08,,43.0,23.0,,,,,,,,,,,,,,,,,,,,,,,,,,,,
Mangala,2026-07-09,,43.0,23.0,,,,,,,,,,,,,,,,,,,,,,,,,,,,
Mangala,2026-07-10,,50.0,29.0,,,,,,,,,,,,,,,,,,,,,,,,,,,,
Mangala,2026-07-11,,50.0,29.0,,,,,,,,,,,,,,,,,,,,,,,,,,,,
Mangobo,2026-07-10,,1.0,0.0,,,,,,,,,,,,,,,,,,,,,,,,,,,,
Mangobo,2026-07-11,,1.0,0.0,,,,,,,,,,,,,,,,,,,,,,,,,,,,
Manguredjipa,2026-05-29,,0.0,,,,,,,,,,,,,,,,,,10.0,,,,,,,,,,,
Manguredjipa,2026-05-30,,0.0,,,,,,,,,,,,,,,,,,,,,,,,,,,,,
Manguredjipa,2026-06-01,,,,,,,,,,,,,,,,,,,,,,,,,,,,,,,
Manguredjipa,2026-06-03,,,,,,,,,,,,,,,,,,,,,,,,,,,,,,,
Masereka,2026-06-10,,1.0,0.0,,,,,,,,,,,,,,,,,,,,,,,,,,,,
Masereka,2026-06-11,,1.0,1.0,,,,,,,,,,,,,,,,,,,,,,,,,,,,
Masereka,2026-06-13,,1.0,0.0,,,,,,,,,,,,,,,,,,,,,,,,,,,,
Masereka,2026-06-14,,1.0,0.0,,,,,,,,,,,,,,,,,,,,,,,,,,,,
Masereka,2026-06-15,,1.0,0.0,,,,,,,,,,,,,,,,,,,,,,,,,,,,
Masereka,2026-06-16,,1.0,,,,,,,,,,,,,,,,,,,,,,,,,,,,,
Masereka,2026-06-17,,1.0,0.0,,,,,,,,,,,,,,,,,,,,,,,,,,,,
Masereka,2026-06-18,,1.0,0.0,,,,,,,,,,,,,,,,,,,,,,,,,,,,
Masereka,2026-06-19,,1.0,0.0,,,,,,,,,,,,,,,,,,,,,,,,,,,,
Masereka,2026-06-20,,1.0,0.0,,,,,,,,,,,,,,,,,,,,,,,,,,,,
Masereka,2026-06-21,,1.0,0.0,,,,,,,,,,,,,,,,,,,,,,,,,,,,
Masereka,2026-06-22,,1.0,0.0,,,,,,,,,,,,,,,,,,,,,,,,,,,,
Masereka,2026-06-23,,1.0,0.0,,,,,,,,,,,,,,,,,,,,,,,,,,,,
Masereka,2026-06-24,,1.0,0.0,,,,,,,,,,,,,,,,,,,,,,,,,,,,
Masereka,2026-06-25,,1.0,0.0,,,,,,,,,,,,,,,,,,,,,,,,,,,,
Masereka,2026-06-29,,1.0,0.0,,,,,,,,,,,,,,,,,,,,,,,,,,,,
Masereka,2026-06-30,,1.0,0.0,,,,,,,,,,,,,,,,,,,,,,,,,,,,
Masereka,2026-07-01,,1.0,0.0,,,,,,,,,,,,,,,,,,,,,,,,,,,,
Masereka,2026-07-02,,1.0,0.0,,,,,,,,,,,,,,,,,,,,,,,,,,,,
Masereka,2026-07-03,,2.0,0.0,,,,,,,,,,,,,,,,,,,,,,,,,,,,
Masereka,2026-07-04,,2.0,0.0,,,,,,,,,,,,,,,,,,,,,,,,,,,,
Masereka,2026-07-05,,3.0,0.0,,,,,,,,,,,,,,,,,,,,,,,,,,,,
Masereka,2026-07-06,,3.0,0.0,,,,,,,,,,,,,,,,,,,,,,,,,,,,
Masereka,2026-07-07,,3.0,0.0,,,,,,,,,,,,,,,,,,,,,,,,,,,,
Masereka,2026-07-08,,3.0,0.0,,,,,,,,,,,,,,,,,,,,,,,,,,,,
Masereka,2026-07-09,,3.0,0.0,,,,,,,,,,,,,,,,,,,,,,,,,,,,
Masereka,2026-07-10,,3.0,0.0,,,,,,,,,,,,,,,,,,,,,,,,,,,,
Masereka,2026-07-11,,3.0,0.0,,,,,,,,,,,,,,,,,,,,,,,,,,,,
Miti Murhesa,2026-05-21,,1.0,0.0,,,1.0,0.0,,,,,,,,,,,1.0,,,,,,1.0,0.0,,,,,,
Miti Murhesa,2026-05-22,,1.0,0.0,,,1.0,0.0,,,,,,,,,,,0.0,,,,,,5.0,0.0,,,,,,
Miti Murhesa,2026-05-23,,1.0,0.0,,,1.0,0.0,,,,,,,,,,,,,,,,,,0.0,,,,,,
Miti Murhesa,2026-05-24,,1.0,0.0,,,1.0,0.0,,,,,,,,,,,0.0,,,,,,,0.0,,,,,,
Miti Murhesa,2026-05-25,,1.0,0.0,,,1.0,0.0,,,,,,,,,,,0.0,,,,,,0.0,0.0,,,,,,
Miti Murhesa,2026-05-26,,1.0,0.0,,,1.0,0.0,,,,,,,,,,,0.0,,,,,,0.0,0.0,,,,,,
Miti Murhesa,2026-05-27,,1.0,0.0,,,1.0,0.0,,,,,,,,,,,0.0,,,,,,,,,,,,,
Miti Murhesa,2026-05-28,,3.0,1.0,,,1.0,0.0,,,,,,,,,,,,,,,,,,,,,,,,
Miti Murhesa,2026-05-29,,3.0,1.0,,,1.0,0.0,,,,,,,,,,,2.0,,,,,,,,,,,,,
Miti Murhesa,2026-05-30,,3.0,1.0,,,1.0,0.0,,,,,,,,,,,,,,,,,,,,,,,,
Miti Murhesa,2026-06-01,,3.0,1.0,,,,,,,,,,,,,,,0.0,,,,,,,,,,,,,
Miti Murhesa,2026-06-02,,3.0,1.0,,,,,,,,,,,,,,,,,,,,,,,,,,,,
Miti Murhesa,2026-06-03,,3.0,1.0,,,,,,,,,,,,,,,,,,,,,,,,,,,,
Miti Murhesa,2026-06-04,,1.0,1.0,,,,,,,,,,,,,,,,,,,,,,,,,,,,
Miti Murhesa,2026-06-05,,3.0,1.0,,,,,,,,,,,,,,,,,,,,,,,,,,,,
Miti Murhesa,2026-06-06,,3.0,1.0,,,,,,,,,,,,,,,,,,,,,,,,,,,,
Miti Murhesa,2026-06-07,,3.0,1.0,,,,,,,,,,,,,,,,,,,,,,,,,,,,
Miti Murhesa,2026-06-08,,1.0,1.0,,,,,,,,,,,,,,,,,,,,,,,,,,,,
Miti Murhesa,2026-06-09,,3.0,1.0,,,,,,,,,,,,,,,,,,,,,,,,,,,,
Miti Murhesa,2026-06-10,,3.0,1.0,,,,,,,,,,,,,,,,,,,,,,,,,,,,
Miti Murhesa,2026-06-11,,3.0,1.0,,,,,,,,,,,,,,,,,,,,,,,,,,,,
Miti Murhesa,2026-06-13,,3.0,1.0,,,,,,,,,,,,,,,,,,,,,,,,,,,,
Miti Murhesa,2026-06-14,,3.0,1.0,,,,,,,,,,,,,,,,,,,,,,,,,,,,
Miti Murhesa,2026-06-15,,3.0,1.0,,,,,,,,,,,,,,,,,,,,,,,,,,,,
Miti Murhesa,2026-06-16,,3.0,,,,,,,,,,,,,,,,,,,,,,,,,,,,,
Miti Murhesa,2026-06-17,,3.0,1.0,,,,,,,,,,,,,,,,,,,,,,,,,,,,
Miti Murhesa,2026-06-18,,3.0,1.0,,,,,,,,,,,,,,,,,,,,,,,,,,,,
Miti Murhesa,2026-06-19,,3.0,1.0,,,,,,,,,,,,,,,,,,,,,,,,,,,,
Miti Murhesa,2026-06-20,,3.0,1.0,,,,,,,,,,,,,,,,,,,,,,,,,,,,
Miti Murhesa,2026-06-21,,3.0,1.0,,,,,,,,,,,,,,,,,,,,,,,,,,,,
Miti Murhesa,2026-06-22,,3.0,1.0,,,,,,,,,,,,,,,,,,,,,,,,,,,,
Miti Murhesa,2026-06-23,,,1.0,,,,,,,,,,,,,,,,,,,,,,,,,,,,
Miti Murhesa,2026-06-24,,3.0,1.0,,,,,,,,,,,,,,,,,,,,,,,,,,,,
Miti Murhesa,2026-06-25,,3.0,1.0,,,,,,,,,,,,,,,,,,,,,,,,,,,,
Miti Murhesa,2026-06-29,,3.0,1.0,,,,,,,,,,,,,,,,,,,,,,,,,,,,
Miti Murhesa,2026-06-30,,3.0,1.0,,,,,,,,,,,,,,,,,,,,,,,,,,,,
Miti Murhesa,2026-07-01,,3.0,1.0,,,,,,,,,,,,,,,,,,,,,,,,,,,,
Miti Murhesa,2026-07-02,,3.0,1.0,,,,,,,,,,,,,,,,,,,,,,,,,,,,
Miti Murhesa,2026-07-03,,3.0,1.0,,,,,,,,,,,,,,,,,,,,,,,,,,,,
Miti Murhesa,2026-07-04,,3.0,1.0,,,,,,,,,,,,,,,,,,,,,,,,,,,,
Miti Murhesa,2026-07-05,,3.0,1.0,,,,,,,,,,,,,,,,,,,,,,,,,,,,
Miti Murhesa,2026-07-06,,3.0,1.0,,,,,,,,,,,,,,,,,,,,,,,,,,,,
Miti Murhesa,2026-07-07,,3.0,1.0,,,,,,,,,,,,,,,,,,,,,,,,,,,,
Miti Murhesa,2026-07-08,,3.0,1.0,,,,,,,,,,,,,,,,,,,,,,,,,,,,
Miti Murhesa,2026-07-09,,3.0,1.0,,,,,,,,,,,,,,,,,,,,,,,,,,,,
Miti Murhesa,2026-07-10,,3.0,1.0,,,,,,,,,,,,,,,,,,,,,,,,,,,,
Miti-Murhesa,2026-07-11,,3.0,1.0,,,,,,,,,,,,,,,,,,,,,,,,,,,,
Mongbwalu,2026-05-14,,0.0,,,82.0,,57.0,,,,,,,,,,,0.0,,82.0,,,,,57.0,,,,,,
Mongbwalu,2026-05-15,,0.0,,3.0,,,,,,,,,,,,,,0.0,3.0,,,,,0.0,,,,,,,
Mongbwalu,2026-05-18,,1.0,,12.0,161.0,302.0,74.0,,,,,,,,,,,1.0,9.0,79.0,,,,56.0,17.0,,,,,,
Mongbwalu,2026-05-19,0.0,13.0,0.0,16.0,176.0,309.0,77.0,,,,,,,,,,,12.0,4.0,15.0,,,,7.0,3.0,,,,,,
Mongbwalu,2026-05-20,0.0,13.0,0.0,22.0,176.0,317.0,80.0,2.0,30.0,,,,,,,,,0.0,6.0,0.0,21.0,0.0,9.0,8.0,3.0,0.0,0.0,0.0,0.0,0.0,0.0
Mongbwalu,2026-05-21,0.0,14.0,0.0,23.0,176.0,322.0,84.0,1.0,36.0,,,,,,,,,1.0,1.0,0.0,27.0,0.0,9.0,5.0,4.0,0.0,0.0,0.0,0.0,0.0,0.0
Mongbwalu,2026-05-22,46.0,10.0,0.0,30.0,222.0,339.0,88.0,,34.0,30.0,,,,,,,,0.0,7.0,46.0,4.0,0.0,4.0,17.0,4.0,,,,,,
Mongbwalu,2026-05-23,,19.0,0.0,30.0,222.0,339.0,88.0,18.0,31.0,28.0,,,,,,,,9.0,,0.0,3.0,0.0,3.0,,0.0,,,,,,
Mongbwalu,2026-05-24,,19.0,0.0,,222.0,339.0,88.0,0.0,18.0,13.0,,,,,,,,0.0,,0.0,5.0,0.0,5.0,,0.0,,,,,,
Mongbwalu,2026-05-25,,19.0,0.0,,222.0,364.0,88.0,,,,,,,,,,,0.0,,0.0,,,,25.0,0.0,,,,,,
Mongbwalu,2026-05-26,,20.0,0.0,,222.0,375.0,88.0,,,,,,,,,,,1.0,,0.0,,,,11.0,0.0,,,,,,
Mongbwalu,2026-05-27,,20.0,0.0,,222.0,339.0,88.0,0.0,,,,,,,,,,0.0,,0.0,10.0,1.0,1.0,,,,,,,,
Mongbwalu,2026-05-28,,47.0,10.0,,222.0,346.0,88.0,,,,,,,,,,,,,,,,,,,,,,,,
Mongbwalu,2026-05-29,,47.0,10.0,,222.0,346.0,88.0,3.0,11.0,12.0,,,,,,,,8.0,,235.0,,0.0,,7.0,0.0,,,,,,
Mongbwalu,2026-05-30,,47.0,10.0,,222.0,346.0,88.0,2.0,22.0,11.0,,,,,,,,,,,,0.0,,,,,,,,,
Mongbwalu,2026-06-01,,47.0,10.0,,,,,,,,,,,,,,,11.0,,,,,,,,,,,,,
Mongbwalu,2026-06-02,,47.0,10.0,,,,,,,,,,,,,,,,,,,,,,,,,,,,
Mongbwalu,2026-06-03,,47.0,10.0,,,,,,,,,,,,,,,,,,,,,,,,,,,,
Mongbwalu,2026-06-04,,64.0,21.0,,,,,,,,,,,,,,,,,,,,,,,,,,,,
Mongbwalu,2026-06-05,,74.0,21.0,,,,,,,,,,,,,,,,,,,,,,,,,,,,
Mongbwalu,2026-06-06,,92.0,25.0,,,,,,,,,,,,,,,,,,,,,,,,,,,,
Mongbwalu,2026-06-07,,98.0,29.0,,,,,,,,,,,,,,,,,,,,,,,,,,,,
Mongbwalu,2026-06-08,,114.0,40.0,,,,,,,,,,,,,,,,,,,,,,,,,,,,
Mongbwalu,2026-06-09,,127.0,47.0,,,,,,,,,,,,,,,,,,,,,,,,,,,,
Mongbwalu,2026-06-10,,132.0,49.0,,,,,,,,,,,,,,,,,,,,,,,,,,,,
Mongbwalu,2026-06-11,,136.0,52.0,,,,,,,,,,,,,,,,,,,,,,,,,,,,
Mongbwalu,2026-06-13,,164.0,73.0,,,,,,,,,,,,,,,,,,,,,,,,,,,,
Mongbwalu,2026-06-14,,175.0,80.0,,,,,,,,,,,,,,,,,,,,,,,,,,,,
Mongbwalu,2026-06-15,,185.0,83.0,,,,,,,,,,,,,,,,,,,,,,,,,,,,
Mongbwalu,2026-06-16,,189.0,,,,,,,,,,,,,,,,,,,,,,,,,,,,,
Mongbwalu,2026-06-17,,189.0,83.0,,,,,,,,,,,,,,,,,,,,,,,,,,,,
Mongbwalu,2026-06-18,,198.0,87.0,,,,,,,,,,,,,,,,,,,,,,,,,,,,
Mongbwalu,2026-06-19,,209.0,89.0,,,,,,,,,,,,,,,,,,,,,,,,,,,,
Mongbwalu,2026-06-20,,220.0,91.0,,,,,,,,,,,,,,,,,,,,,,,,,,,,
Mongbwalu,2026-06-21,,229.0,96.0,,,,,,,,,,,,,,,,,,,,,,,,,,,,
Mongbwalu,2026-06-22,,237.0,100.0,,,,,,,,,,,,,,,,,,,,,,,,,,,,
Mongbwalu,2026-06-23,,241.0,103.0,,,,,,,,,,,,,,,,,,,,,,,,,,,,
Mongbwalu,2026-06-24,,245.0,105.0,,,,,,,,,,,,,,,,,,,,,,,,,,,,
Mongbwalu,2026-06-25,,250.0,109.0,,,,,,,,,,,,,,,,,,,,,,,,,,,,
Mongbwalu,2026-06-29,,258.0,123.0,,,,,,,,,,,,,,,,,,,,,,,,,,,,
Mongbwalu,2026-06-30,,264.0,126.0,,,,,,,,,,,,,,,,,,,,,,,,,,,,
Mongbwalu,2026-07-01,,270.0,127.0,,,,,,,,,,,,,,,,,,,,,,,,,,,,
Mongbwalu,2026-07-02,,273.0,136.0,,,,,,,,,,,,,,,,,,,,,,,,,,,,
Mongbwalu,2026-07-03,,276.0,139.0,,,,,,,,,,,,,,,,,,,,,,,,,,,,
Mongbwalu,2026-07-04,,278.0,141.0,,,,,,,,,,,,,,,,,,,,,,,,,,,,
Mongbwalu,2026-07-05,,288.0,149.0,,,,,,,,,,,,,,,,,,,,,,,,,,,,
Mongbwalu,2026-07-06,,298.0,154.0,,,,,,,,,,,,,,,,,,,,,,,,,,,,
Mongbwalu,2026-07-07,,310.0,165.0,,,,,,,,,,,,,,,,,,,,,,,,,,,,
Mongbwalu,2026-07-08,,315.0,167.0,,,,,,,,,,,,,,,,,,,,,,,,,,,,
Mongbwalu,2026-07-09,,327.0,170.0,,,,,,,,,,,,,,,,,,,,,,,,,,,,
Mongbwalu,2026-07-10,,329.0,171.0,,,,,,,,,,,,,,,,,,,,,,,,,,,,
Mongbwalu,2026-07-11,,336.0,177.0,,,,,,,,,,,,,,,,,,,,,,,,,,,,
Musienene,2026-06-16,,1.0,,,,,,,,,,,,,,,,,,,,,,,,,,,,,
Musienene,2026-06-17,,1.0,1.0,,,,,,,,,,,,,,,,,,,,,,,,,,,,
Musienene,2026-06-18,,1.0,1.0,,,,,,,,,,,,,,,,,,,,,,,,,,,,
Musienene,2026-06-19,,1.0,1.0,,,,,,,,,,,,,,,,,,,,,,,,,,,,
Musienene,2026-06-20,,1.0,1.0,,,,,,,,,,,,,,,,,,,,,,,,,,,,
Musienene,2026-06-21,,2.0,1.0,,,,,,,,,,,,,,,,,,,,,,,,,,,,
Musienene,2026-06-22,,2.0,1.0,,,,,,,,,,,,,,,,,,,,,,,,,,,,
Musienene,2026-06-23,,2.0,2.0,,,,,,,,,,,,,,,,,,,,,,,,,,,,
Musienene,2026-06-24,,2.0,2.0,,,,,,,,,,,,,,,,,,,,,,,,,,,,
Musienene,2026-06-25,,2.0,2.0,,,,,,,,,,,,,,,,,,,,,,,,,,,,
Musienene,2026-06-29,,3.0,2.0,,,,,,,,,,,,,,,,,,,,,,,,,,,,
Musienene,2026-06-30,,3.0,2.0,,,,,,,,,,,,,,,,,,,,,,,,,,,,
Musienene,2026-07-01,,3.0,2.0,,,,,,,,,,,,,,,,,,,,,,,,,,,,
Musienene,2026-07-02,,3.0,2.0,,,,,,,,,,,,,,,,,,,,,,,,,,,,
Musienene,2026-07-03,,4.0,2.0,,,,,,,,,,,,,,,,,,,,,,,,,,,,
Musienene,2026-07-04,,6.0,2.0,,,,,,,,,,,,,,,,,,,,,,,,,,,,
Musienene,2026-07-05,,8.0,2.0,,,,,,,,,,,,,,,,,,,,,,,,,,,,
Musienene,2026-07-06,,8.0,2.0,,,,,,,,,,,,,,,,,,,,,,,,,,,,
Musienene,2026-07-07,,8.0,2.0,,,,,,,,,,,,,,,,,,,,,,,,,,,,
Musienene,2026-07-08,,8.0,2.0,,,,,,,,,,,,,,,,,,,,,,,,,,,,
Musienene,2026-07-09,,9.0,2.0,,,,,,,,,,,,,,,,,,,,,,,,,,,,
Musienene,2026-07-10,,9.0,2.0,,,,,,,,,,,,,,,,,,,,,,,,,,,,
Musienene,2026-07-11,,10.0,2.0,,,,,,,,,,,,,,,,,,,,,,,,,,,,
Nia Nia,2026-06-13,,1.0,1.0,,,,,,,,,,,,,,,,,,,,,,,,,,,,
Nia Nia,2026-06-14,,1.0,1.0,,,,,,,,,,,,,,,,,,,,,,,,,,,,
Nia Nia,2026-06-15,,1.0,1.0,,,,,,,,,,,,,,,,,,,,,,,,,,,,
Nia Nia,2026-06-16,,1.0,,,,,,,,,,,,,,,,,,,,,,,,,,,,,
Nia Nia,2026-06-17,,1.0,1.0,,,,,,,,,,,,,,,,,,,,,,,,,,,,
Nia Nia,2026-06-18,,1.0,1.0,,,,,,,,,,,,,,,,,,,,,,,,,,,,
Nia Nia,2026-06-19,,1.0,1.0,,,,,,,,,,,,,,,,,,,,,,,,,,,,
Nia Nia,2026-06-20,,1.0,1.0,,,,,,,,,,,,,,,,,,,,,,,,,,,,
Nia Nia,2026-06-21,,2.0,2.0,,,,,,,,,,,,,,,,,,,,,,,,,,,,
Nia Nia,2026-06-22,,2.0,2.0,,,,,,,,,,,,,,,,,,,,,,,,,,,,
Nia Nia,2026-06-23,,5.0,3.0,,,,,,,,,,,,,,,,,,,,,,,,,,,,
Nia Nia,2026-06-24,,5.0,3.0,,,,,,,,,,,,,,,,,,,,,,,,,,,,
Nia Nia,2026-06-25,,5.0,3.0,,,,,,,,,,,,,,,,,,,,,,,,,,,,
Nia Nia,2026-06-29,,11.0,5.0,,,,,,,,,,,,,,,,,,,,,,,,,,,,
Nia Nia,2026-06-30,,12.0,5.0,,,,,,,,,,,,,,,,,,,,,,,,,,,,
Nia Nia,2026-07-01,,12.0,5.0,,,,,,,,,,,,,,,,,,,,,,,,,,,,
Nia Nia,2026-07-02,,12.0,5.0,,,,,,,,,,,,,,,,,,,,,,,,,,,,
Nia Nia,2026-07-03,,12.0,5.0,,,,,,,,,,,,,,,,,,,,,,,,,,,,
Nia Nia,2026-07-04,,12.0,5.0,,,,,,,,,,,,,,,,,,,,,,,,,,,,
Nia Nia,2026-07-05,,20.0,5.0,,,,,,,,,,,,,,,,,,,,,,,,,,,,
Nia Nia,2026-07-06,,33.0,12.0,,,,,,,,,,,,,,,,,,,,,,,,,,,,
Nia Nia,2026-07-07,,35.0,13.0,,,,,,,,,,,,,,,,,,,,,,,,,,,,
Nia Nia,2026-07-08,,35.0,13.0,,,,,,,,,,,,,,,,,,,,,,,,,,,,
Nia Nia,2026-07-09,,35.0,13.0,,,,,,,,,,,,,,,,,,,,,,,,,,,,
Nia Nia,2026-07-10,,35.0,13.0,,,,,,,,,,,,,,,,,,,,,,,,,,,,
Nia-Nia,2026-07-11,,36.0,12.0,,,,,,,,,,,,,,,,,,,,,,,,,,,,
Nizi,2026-05-20,,,,,,,,,,,,,,,,,,,,,,,,,,0.0,0.0,0.0,0.0,0.0,0.0
Nizi,2026-05-21,,1.0,0.0,,0.0,1.0,0.0,,,,,,,,,,,1.0,,0.0,,,,1.0,0.0,0.0,0.0,0.0,0.0,0.0,0.0
Nizi,2026-05-22,,2.0,0.0,1.0,0.0,5.0,1.0,,,,,,,,,,,1.0,1.0,0.0,,,,4.0,1.0,,,0.0,0.0,,
Nizi,2026-05-23,15.0,2.0,0.0,1.0,22.0,6.0,2.0,,,,,,,,,,,0.0,0.0,7.0,,,,1.0,1.0,,,0.0,0.0,,
Nizi,2026-05-24,,2.0,0.0,,22.0,6.0,2.0,,,,,,,,,,,0.0,,0.0,,,,1.0,0.0,,,,,,
Nizi,2026-05-25,,2.0,,,22.0,9.0,2.0,,,,,,,,,,,0.0,,0.0,,,,3.0,0.0,,,,,,
Nizi,2026-05-26,,2.0,0.0,,22.0,15.0,2.0,,,,,,,,,,,0.0,,0.0,,,,6.0,0.0,,,,,,
Nizi,2026-05-27,,2.0,0.0,,220.0,6.0,2.0,,,,,,,,,,,0.0,,,,,,,,,,,,,
Nizi,2026-05-28,,2.0,0.0,,220.0,6.0,2.0,,,,,,,,,,,,,,,,,,,,,,,,
Nizi,2026-05-29,,2.0,0.0,,260.0,6.0,2.0,,,,,,,,,,,0.0,,288.0,,,,,,,,,,,
Nizi,2026-05-30,,2.0,0.0,,260.0,6.0,2.0,,,,,,,,,,,,,,,,,,,,,,,,
Nizi,2026-06-01,,2.0,0.0,,,,,,,,,,,,,,,0.0,,,,,,,,,,,,,
Nizi,2026-06-02,,2.0,0.0,,,,,,,,,,,,,,,,,,,,,,,,,,,,
Nizi,2026-06-03,,2.0,0.0,,,,,,,,,,,,,,,,,,,,,,,,,,,,
Nizi,2026-06-04,,5.0,0.0,,,,,,,,,,,,,,,,,,,,,,,,,,,,
Nizi,2026-06-05,,5.0,0.0,,,,,,,,,,,,,,,,,,,,,,,,,,,,
Nizi,2026-06-06,,5.0,0.0,,,,,,,,,,,,,,,,,,,,,,,,,,,,
Nizi,2026-06-07,,5.0,0.0,,,,,,,,,,,,,,,,,,,,,,,,,,,,
Nizi,2026-06-08,,5.0,0.0,,,,,,,,,,,,,,,,,,,,,,,,,,,,
Nizi,2026-06-09,,5.0,0.0,,,,,,,,,,,,,,,,,,,,,,,,,,,,
Nizi,2026-06-10,,7.0,0.0,,,,,,,,,,,,,,,,,,,,,,,,,,,,
Nizi,2026-06-11,,9.0,1.0,,,,,,,,,,,,,,,,,,,,,,,,,,,,
Nizi,2026-06-13,,11.0,1.0,,,,,,,,,,,,,,,,,,,,,,,,,,,,
Nizi,2026-06-14,,11.0,1.0,,,,,,,,,,,,,,,,,,,,,,,,,,,,
Nizi,2026-06-15,,16.0,1.0,,,,,,,,,,,,,,,,,,,,,,,,,,,,
Nizi,2026-06-16,,16.0,,,,,,,,,,,,,,,,,,,,,,,,,,,,,
Nizi,2026-06-17,,25.0,5.0,,,,,,,,,,,,,,,,,,,,,,,,,,,,
Nizi,2026-06-18,,26.0,5.0,,,,,,,,,,,,,,,,,,,,,,,,,,,,
Nizi,2026-06-19,,26.0,5.0,,,,,,,,,,,,,,,,,,,,,,,,,,,,
Nizi,2026-06-20,,26.0,5.0,,,,,,,,,,,,,,,,,,,,,,,,,,,,
Nizi,2026-06-21,,26.0,5.0,,,,,,,,,,,,,,,,,,,,,,,,,,,,
Nizi,2026-06-22,,30.0,6.0,,,,,,,,,,,,,,,,,,,,,,,,,,,,
Nizi,2026-06-23,,30.0,6.0,,,,,,,,,,,,,,,,,,,,,,,,,,,,
Nizi,2026-06-24,,30.0,6.0,,,,,,,,,,,,,,,,,,,,,,,,,,,,
Nizi,2026-06-25,,32.0,6.0,,,,,,,,,,,,,,,,,,,,,,,,,,,,
Nizi,2026-06-29,,41.0,9.0,,,,,,,,,,,,,,,,,,,,,,,,,,,,
Nizi,2026-06-30,,61.0,19.0,,,,,,,,,,,,,,,,,,,,,,,,,,,,
Nizi,2026-07-01,,65.0,19.0,,,,,,,,,,,,,,,,,,,,,,,,,,,,
Nizi,2026-07-02,,65.0,19.0,,,,,,,,,,,,,,,,,,,,,,,,,,,,
Nizi,2026-07-03,,65.0,19.0,,,,,,,,,,,,,,,,,,,,,,,,,,,,
Nizi,2026-07-04,,72.0,19.0,,,,,,,,,,,,,,,,,,,,,,,,,,,,
Nizi,2026-07-05,,78.0,19.0,,,,,,,,,,,,,,,,,,,,,,,,,,,,
Nizi,2026-07-06,,84.0,24.0,,,,,,,,,,,,,,,,,,,,,,,,,,,,
Nizi,2026-07-07,,94.0,28.0,,,,,,,,,,,,,,,,,,,,,,,,,,,,
Nizi,2026-07-08,,104.0,36.0,,,,,,,,,,,,,,,,,,,,,,,,,,,,
Nizi,2026-07-09,,107.0,36.0,,,,,,,,,,,,,,,,,,,,,,,,,,,,
Nizi,2026-07-10,,110.0,36.0,,,,,,,,,,,,,,,,,,,,,,,,,,,,
Nizi,2026-07-11,,121.0,47.0,,,,,,,,,,,,,,,,,,,,,,,,,,,,
Nyankunde,2026-05-18,,4.0,,3.0,133.0,14.0,1.0,,,,,,,,,,,4.0,3.0,133.0,,,,14.0,1.0,,,,,,
Nyankunde,2026-05-19,0.0,4.0,0.0,8.0,133.0,19.0,5.0,,,,,,,,,,,0.0,5.0,0.0,,,,5.0,4.0,,,,,,
Nyankunde,2026-05-20,0.0,5.0,0.0,17.0,133.0,28.0,5.0,0.0,16.0,,,,,,,,,1.0,9.0,0.0,15.0,1.0,0.0,9.0,0.0,0.0,0.0,0.0,0.0,0.0,0.0
Nyankunde,2026-05-21,207.0,11.0,0.0,26.0,340.0,38.0,6.0,0.0,23.0,,,,,,,,,2.0,9.0,207.0,16.0,7.0,0.0,9.0,1.0,0.0,0.0,0.0,0.0,0.0,0.0
Nyankunde,2026-05-22,234.0,9.0,0.0,6.0,365.0,45.0,8.0,,24.0,22.0,,,,,,,,0.0,6.0,25.0,2.0,1.0,1.0,7.0,2.0,,,,,,
Nyankunde,2026-05-23,,9.0,0.0,6.0,365.0,45.0,8.0,0.0,33.0,26.0,,,,,,,,0.0,,0.0,7.0,3.0,4.0,,0.0,,,,,,
Nyankunde,2026-05-24,,9.0,0.0,,365.0,45.0,11.0,0.0,33.0,33.0,,,,,,,,0.0,,0.0,0.0,0.0,0.0,,0.0,,,,,,
Nyankunde,2026-05-25,,9.0,0.0,,365.0,66.0,15.0,,,,,,,,,,,0.0,,0.0,,,,21.0,4.0,,,,,,
Nyankunde,2026-05-26,,10.0,0.0,,365.0,70.0,15.0,,,,,,,,,,,1.0,,0.0,,,,4.0,0.0,,,,,,
Nyankunde,2026-05-27,,10.0,0.0,,397.0,45.0,11.0,0.0,,,,,,,,,,0.0,,32.0,39.0,0.0,0.0,,,,,,,,
Nyankunde,2026-05-28,,19.0,1.0,,397.0,52.0,12.0,,,,,,,,,,,,,,,,,,,,,,,,
Nyankunde,2026-05-29,,19.0,1.0,,743.0,52.0,12.0,0.0,38.0,38.0,,,,,,,,2.0,,435.0,,0.0,,7.0,1.0,,,,,,
Nyankunde,2026-05-30,,19.0,1.0,,743.0,52.0,12.0,2.0,44.0,41.0,,,,,,,,,,,,0.0,,,,,,,,,
Nyankunde,2026-06-01,,19.0,1.0,,,,,,,,,,,,,,,0.0,,,,,,,,,,,,,
Nyankunde,2026-06-02,,22.0,1.0,,,,,,,,,,,,,,,,,,,,,,,,,,,,
Nyankunde,2026-06-03,,22.0,1.0,,,,,,,,,,,,,,,,,,,,,,,,,,,,
Nyankunde,2026-06-04,,22.0,1.0,,,,,,,,,,,,,,,,,,,,,,,,,,,,
Nyankunde,2026-06-05,,24.0,1.0,,,,,,,,,,,,,,,,,,,,,,,,,,,,
Nyankunde,2026-06-06,,24.0,1.0,,,,,,,,,,,,,,,,,,,,,,,,,,,,
Nyankunde,2026-06-07,,26.0,1.0,,,,,,,,,,,,,,,,,,,,,,,,,,,,
Nyankunde,2026-06-08,,32.0,1.0,,,,,,,,,,,,,,,,,,,,,,,,,,,,
Nyankunde,2026-06-09,,32.0,1.0,,,,,,,,,,,,,,,,,,,,,,,,,,,,
Nyankunde,2026-06-10,,33.0,1.0,,,,,,,,,,,,,,,,,,,,,,,,,,,,
Nyankunde,2026-06-11,,33.0,1.0,,,,,,,,,,,,,,,,,,,,,,,,,,,,
Nyankunde,2026-06-13,,38.0,4.0,,,,,,,,,,,,,,,,,,,,,,,,,,,,
Nyankunde,2026-06-14,,42.0,4.0,,,,,,,,,,,,,,,,,,,,,,,,,,,,
Nyankunde,2026-06-15,,45.0,4.0,,,,,,,,,,,,,,,,,,,,,,,,,,,,
Nyankunde,2026-06-16,,45.0,,,,,,,,,,,,,,,,,,,,,,,,,,,,,
Nyankunde,2026-06-17,,68.0,6.0,,,,,,,,,,,,,,,,,,,,,,,,,,,,
Nyankunde,2026-06-18,,77.0,7.0,,,,,,,,,,,,,,,,,,,,,,,,,,,,
Nyankunde,2026-06-19,,79.0,7.0,,,,,,,,,,,,,,,,,,,,,,,,,,,,
Nyankunde,2026-06-20,,79.0,7.0,,,,,,,,,,,,,,,,,,,,,,,,,,,,
Nyankunde,2026-06-21,,86.0,9.0,,,,,,,,,,,,,,,,,,,,,,,,,,,,
Nyankunde,2026-06-22,,86.0,9.0,,,,,,,,,,,,,,,,,,,,,,,,,,,,
Nyankunde,2026-06-23,,86.0,9.0,,,,,,,,,,,,,,,,,,,,,,,,,,,,
Nyankunde,2026-06-24,,91.0,10.0,,,,,,,,,,,,,,,,,,,,,,,,,,,,
Nyankunde,2026-06-25,,,11.0,,,,,,,,,,,,,,,,,,,,,,,,,,,,
Nyankunde,2026-06-29,,94.0,15.0,,,,,,,,,,,,,,,,,,,,,,,,,,,,
Nyankunde,2026-06-30,,95.0,16.0,,,,,,,,,,,,,,,,,,,,,,,,,,,,
Nyankunde,2026-07-01,,95.0,16.0,,,,,,,,,,,,,,,,,,,,,,,,,,,,
Nyankunde,2026-07-02,,95.0,16.0,,,,,,,,,,,,,,,,,,,,,,,,,,,,
Nyankunde,2026-07-03,,95.0,17.0,,,,,,,,,,,,,,,,,,,,,,,,,,,,
Nyankunde,2026-07-04,,95.0,17.0,,,,,,,,,,,,,,,,,,,,,,,,,,,,
Nyankunde,2026-07-05,,96.0,19.0,,,,,,,,,,,,,,,,,,,,,,,,,,,,
Nyankunde,2026-07-06,,96.0,20.0,,,,,,,,,,,,,,,,,,,,,,,,,,,,
Nyankunde,2026-07-07,,97.0,20.0,,,,,,,,,,,,,,,,,,,,,,,,,,,,
Nyankunde,2026-07-08,,97.0,22.0,,,,,,,,,,,,,,,,,,,,,,,,,,,,
Nyankunde,2026-07-09,,97.0,22.0,,,,,,,,,,,,,,,,,,,,,,,,,,,,
Nyankunde,2026-07-10,,97.0,23.0,,,,,,,,,,,,,,,,,,,,,,,,,,,,
Nyankunde,2026-07-11,,99.0,25.0,,,,,,,,,,,,,,,,,,,,,,,,,,,,
Oicha,2026-05-24,,1.0,,,,,,,,,,,,,,,,1.0,,,,,,,0.0,,,,,,
Oicha,2026-05-25,,1.0,,,,,0.0,,,,,,,,,,,0.0,,,,,,,0.0,,,,,,
Oicha,2026-05-26,,1.0,,,,8.0,0.0,,,,,,,,,,,0.0,,,,,,8.0,0.0,,,,,,
Oicha,2026-05-27,,2.0,,,,0.0,0.0,,,,,,,,,,,1.0,,,,,,,,,,,,,
Oicha,2026-05-28,,1.0,0.0,,,0.0,0.0,,,,,,,,,,,,,,,,,,,,,,,,
Oicha,2026-05-29,,1.0,0.0,,,0.0,0.0,,,,,,,,,,,,,32.0,,,,,,,,,,,
Oicha,2026-05-30,,1.0,0.0,,,0.0,0.0,,,,,,,,,,,,,,,,,,,,,,,,
Oicha,2026-06-01,,2.0,2.0,,,,,,,,,,,,,,,1.0,,,,,,,,,,,,,
Oicha,2026-06-02,,2.0,2.0,,,,,,,,,,,,,,,,,,,,,,,,,,,,
Oicha,2026-06-03,,2.0,2.0,,,,,,,,,,,,,,,,,,,,,,,,,,,,
Oicha,2026-06-04,,2.0,2.0,,,,,,,,,,,,,,,,,,,,,,,,,,,,
Oicha,2026-06-05,,2.0,2.0,,,,,,,,,,,,,,,,,,,,,,,,,,,,
Oicha,2026-06-06,,2.0,2.0,,,,,,,,,,,,,,,,,,,,,,,,,,,,
Oicha,2026-06-07,,2.0,2.0,,,,,,,,,,,,,,,,,,,,,,,,,,,,
Oicha,2026-06-08,,2.0,2.0,,,,,,,,,,,,,,,,,,,,,,,,,,,,
Oicha,2026-06-09,,2.0,2.0,,,,,,,,,,,,,,,,,,,,,,,,,,,,
Oicha,2026-06-10,,2.0,2.0,,,,,,,,,,,,,,,,,,,,,,,,,,,,
Oicha,2026-06-11,,2.0,2.0,,,,,,,,,,,,,,,,,,,,,,,,,,,,
Oicha,2026-06-13,,2.0,2.0,,,,,,,,,,,,,,,,,,,,,,,,,,,,
Oicha,2026-06-14,,2.0,2.0,,,,,,,,,,,,,,,,,,,,,,,,,,,,
Oicha,2026-06-15,,2.0,2.0,,,,,,,,,,,,,,,,,,,,,,,,,,,,
Oicha,2026-06-16,,3.0,,,,,,,,,,,,,,,,,,,,,,,,,,,,,
Oicha,2026-06-17,,3.0,2.0,,,,,,,,,,,,,,,,,,,,,,,,,,,,
Oicha,2026-06-18,,3.0,2.0,,,,,,,,,,,,,,,,,,,,,,,,,,,,
Oicha,2026-06-19,,3.0,2.0,,,,,,,,,,,,,,,,,,,,,,,,,,,,
Oicha,2026-06-20,,3.0,2.0,,,,,,,,,,,,,,,,,,,,,,,,,,,,
Oicha,2026-06-21,,3.0,2.0,,,,,,,,,,,,,,,,,,,,,,,,,,,,
Oicha,2026-06-22,,3.0,2.0,,,,,,,,,,,,,,,,,,,,,,,,,,,,
Oicha,2026-06-23,,3.0,2.0,,,,,,,,,,,,,,,,,,,,,,,,,,,,
Oicha,2026-06-24,,3.0,2.0,,,,,,,,,,,,,,,,,,,,,,,,,,,,
Oicha,2026-06-25,,3.0,2.0,,,,,,,,,,,,,,,,,,,,,,,,,,,,
Oicha,2026-06-29,,3.0,2.0,,,,,,,,,,,,,,,,,,,,,,,,,,,,
Oicha,2026-06-30,,3.0,2.0,,,,,,,,,,,,,,,,,,,,,,,,,,,,
Oicha,2026-07-01,,3.0,2.0,,,,,,,,,,,,,,,,,,,,,,,,,,,,
Oicha,2026-07-02,,3.0,2.0,,,,,,,,,,,,,,,,,,,,,,,,,,,,
Oicha,2026-07-03,,3.0,2.0,,,,,,,,,,,,,,,,,,,,,,,,,,,,
Oicha,2026-07-04,,3.0,2.0,,,,,,,,,,,,,,,,,,,,,,,,,,,,
Oicha,2026-07-05,,3.0,2.0,,,,,,,,,,,,,,,,,,,,,,,,,,,,
Oicha,2026-07-06,,3.0,2.0,,,,,,,,,,,,,,,,,,,,,,,,,,,,
Oicha,2026-07-07,,3.0,2.0,,,,,,,,,,,,,,,,,,,,,,,,,,,,
Oicha,2026-07-08,,3.0,2.0,,,,,,,,,,,,,,,,,,,,,,,,,,,,
Oicha,2026-07-09,,3.0,2.0,,,,,,,,,,,,,,,,,,,,,,,,,,,,
Oicha,2026-07-10,,3.0,2.0,,,,,,,,,,,,,,,,,,,,,,,,,,,,
Oicha,2026-07-11,,3.0,2.0,,,,,,,,,,,,,,,,,,,,,,,,,,,,
Rimba,2026-05-26,,0.0,,,,14.0,4.0,,,,,,,,,,,0.0,,,,,,14.0,4.0,,,,,,
Rimba,2026-05-27,,0.0,,,,,,,,,,,,,,,,,,,,,,,,,,,,,
Rimba,2026-05-28,,,,,,,,,,,,,,,,,,,,,,,,,,,,,,,
Rimba,2026-05-29,,,,,,,,,,,,,,,,,,,,,,,,,,,,,,,
Rimba,2026-05-30,,,,,,,,,,,,,,,,,,,,,,,,,,,,,,,
Rimba,2026-06-02,,3.0,0.0,,,,,,,,,,,,,,,,,,,,,,,,,,,,
Rimba,2026-06-04,,3.0,0.0,,,,,,,,,,,,,,,,,,,,,,,,,,,,
Rimba,2026-06-05,,3.0,0.0,,,,,,,,,,,,,,,,,,,,,,,,,,,,
Rimba,2026-06-06,,3.0,0.0,,,,,,,,,,,,,,,,,,,,,,,,,,,,
Rimba,2026-06-07,,3.0,0.0,,,,,,,,,,,,,,,,,,,,,,,,,,,,
Rimba,2026-06-08,,3.0,0.0,,,,,,,,,,,,,,,,,,,,,,,,,,,,
Rimba,2026-06-09,,3.0,0.0,,,,,,,,,,,,,,,,,,,,,,,,,,,,
Rimba,2026-06-10,,3.0,0.0,,,,,,,,,,,,,,,,,,,,,,,,,,,,
Rimba,2026-06-11,,3.0,0.0,,,,,,,,,,,,,,,,,,,,,,,,,,,,
Rimba,2026-06-13,,3.0,0.0,,,,,,,,,,,,,,,,,,,,,,,,,,,,
Rimba,2026-06-14,,3.0,0.0,,,,,,,,,,,,,,,,,,,,,,,,,,,,
Rimba,2026-06-15,,3.0,0.0,,,,,,,,,,,,,,,,,,,,,,,,,,,,
Rimba,2026-06-16,,3.0,,,,,,,,,,,,,,,,,,,,,,,,,,,,,
Rimba,2026-06-17,,3.0,0.0,,,,,,,,,,,,,,,,,,,,,,,,,,,,
Rimba,2026-06-18,,3.0,0.0,,,,,,,,,,,,,,,,,,,,,,,,,,,,
Rimba,2026-06-19,,3.0,0.0,,,,,,,,,,,,,,,,,,,,,,,,,,,,
Rimba,2026-06-20,,3.0,0.0,,,,,,,,,,,,,,,,,,,,,,,,,,,,
Rimba,2026-06-21,,3.0,0.0,,,,,,,,,,,,,,,,,,,,,,,,,,,,
Rimba,2026-06-22,,3.0,0.0,,,,,,,,,,,,,,,,,,,,,,,,,,,,
Rimba,2026-06-23,,3.0,0.0,,,,,,,,,,,,,,,,,,,,,,,,,,,,
Rimba,2026-06-24,,3.0,0.0,,,,,,,,,,,,,,,,,,,,,,,,,,,,
Rimba,2026-06-25,,3.0,0.0,,,,,,,,,,,,,,,,,,,,,,,,,,,,
Rimba,2026-06-29,,3.0,0.0,,,,,,,,,,,,,,,,,,,,,,,,,,,,
Rimba,2026-06-30,,3.0,0.0,,,,,,,,,,,,,,,,,,,,,,,,,,,,
Rimba,2026-07-01,,3.0,0.0,,,,,,,,,,,,,,,,,,,,,,,,,,,,
Rimba,2026-07-02,,3.0,0.0,,,,,,,,,,,,,,,,,,,,,,,,,,,,
Rimba,2026-07-03,,3.0,0.0,,,,,,,,,,,,,,,,,,,,,,,,,,,,
Rimba,2026-07-04,,3.0,0.0,,,,,,,,,,,,,,,,,,,,,,,,,,,,
Rimba,2026-07-05,,4.0,0.0,,,,,,,,,,,,,,,,,,,,,,,,,,,,
Rimba,2026-07-06,,4.0,0.0,,,,,,,,,,,,,,,,,,,,,,,,,,,,
Rimba,2026-07-07,,4.0,0.0,,,,,,,,,,,,,,,,,,,,,,,,,,,,
Rimba,2026-07-08,,4.0,0.0,,,,,,,,,,,,,,,,,,,,,,,,,,,,
Rimba,2026-07-09,,4.0,0.0,,,,,,,,,,,,,,,,,,,,,,,,,,,,
Rimba,2026-07-10,,4.0,0.0,,,,,,,,,,,,,,,,,,,,,,,,,,,,
Rumba,2026-07-11,,4.0,0.0,,,,,,,,,,,,,,,,,,,,,,,,,,,,
Rwampara,2026-05-15,,13.0,,5.0,,72.0,,,,,,,,,,,,13.0,5.0,,,,,72.0,,,,,,,
Rwampara,2026-05-18,,19.0,,51.0,120.0,136.0,38.0,,,,,,,,,,,6.0,46.0,120.0,,,,64.0,38.0,,,,,,
Rwampara,2026-05-19,78.0,25.0,0.0,44.0,335.0,154.0,43.0,,,,,,,,,,,4.0,13.0,215.0,,,,18.0,5.0,,,,,,
Rwampara,2026-05-20,83.0,24.0,0.0,69.0,621.0,179.0,44.0,1.0,54.0,,,,,,,,,3.0,25.0,286.0,37.0,5.0,12.0,25.0,1.0,102.0,102.0,0.0,0.0,102.0,102.0
Rwampara,2026-05-21,0.0,31.0,1.0,81.0,621.0,193.0,51.0,0.0,88.0,,,,,,,,,7.0,12.0,0.0,76.0,0.0,12.0,14.0,7.0,940.0,940.0,0.0,0.0,940.0,940.0
Rwampara,2026-05-22,,32.0,2.0,132.0,621.0,221.0,63.0,,45.0,34.0,,,,,,,,1.0,8.0,0.0,11.0,1.0,10.0,28.0,12.0,2996.0,3152.0,156.0,156.0,3152.0,2996.0
Rwampara,2026-05-23,,32.0,2.0,92.0,621.0,228.0,69.0,0.0,25.0,21.0,,,,,,,,0.0,3.0,0.0,4.0,2.0,2.0,7.0,6.0,2996.0,3152.0,156.0,156.0,3152.0,2996.0
Rwampara,2026-05-24,,32.0,2.0,,621.0,228.0,69.0,2.0,25.0,19.0,,,,,,,,0.0,,0.0,6.0,2.0,4.0,,0.0,,,,,,
Rwampara,2026-05-25,,32.0,2.0,,621.0,240.0,75.0,,,,,,,,,,,0.0,,0.0,,,,12.0,6.0,,,,,,
Rwampara,2026-05-26,,33.0,2.0,,621.0,240.0,75.0,,,,,,,,,,,1.0,,0.0,,,,0.0,0.0,,,,,,
Rwampara,2026-05-27,,33.0,2.0,,697.0,228.0,69.0,0.0,,,,,,,,,,0.0,,76.0,8.0,0.0,2.0,,,,,,,,
Rwampara,2026-05-28,,65.0,13.0,,697.0,241.0,71.0,,,,,,,,,,,,,,,,,,,,,,,,
Rwampara,2026-05-29,,65.0,13.0,,697.0,241.0,71.0,0.0,13.0,9.0,,,,,,,,12.0,,766.0,,1.0,,13.0,2.0,,,,,,
Rwampara,2026-05-30,,65.0,13.0,,697.0,241.0,71.0,0.0,19.0,14.0,,,,,,,,,,,,0.0,,,,,,,,,
Rwampara,2026-06-01,,65.0,13.0,,,,,,,,,,,,,,,3.0,,,,,,,,,,,,,
Rwampara,2026-06-02,,72.0,15.0,,,,,,,,,,,,,,,,,,,,,,,,,,,,
Rwampara,2026-06-03,,76.0,16.0,,,,,,,,,,,,,,,,,,,,,,,,,,,,
Rwampara,2026-06-04,,86.0,18.0,,,,,,,,,,,,,,,,,,,,,,,,,,,,
Rwampara,2026-06-05,,93.0,19.0,,,,,,,,,,,,,,,,,,,,,,,,,,,,
Rwampara,2026-06-06,,98.0,19.0,,,,,,,,,,,,,,,,,,,,,,,,,,,,
Rwampara,2026-06-07,,111.0,20.0,,,,,,,,,,,,,,,,,,,,,,,,,,,,
Rwampara,2026-06-08,,122.0,20.0,,,,,,,,,,,,,,,,,,,,,,,,,,,,
Rwampara,2026-06-09,,133.0,25.0,,,,,,,,,,,,,,,,,,,,,,,,,,,,
Rwampara,2026-06-10,,137.0,25.0,,,,,,,,,,,,,,,,,,,,,,,,,,,,
Rwampara,2026-06-11,,142.0,26.0,,,,,,,,,,,,,,,,,,,,,,,,,,,,
Rwampara,2026-06-13,,149.0,27.0,,,,,,,,,,,,,,,,,,,,,,,,,,,,
Rwampara,2026-06-14,,152.0,27.0,,,,,,,,,,,,,,,,,,,,,,,,,,,,
Rwampara,2026-06-15,,192.0,27.0,,,,,,,,,,,,,,,,,,,,,,,,,,,,
Rwampara,2026-06-16,,172.0,,,,,,,,,,,,,,,,,,,,,,,,,,,,,
Rwampara,2026-06-17,,195.0,33.0,,,,,,,,,,,,,,,,,,,,,,,,,,,,
Rwampara,2026-06-18,,199.0,35.0,,,,,,,,,,,,,,,,,,,,,,,,,,,,
Rwampara,2026-06-19,,201.0,35.0,,,,,,,,,,,,,,,,,,,,,,,,,,,,
Rwampara,2026-06-20,,211.0,35.0,,,,,,,,,,,,,,,,,,,,,,,,,,,,
Rwampara,2026-06-21,,215.0,36.0,,,,,,,,,,,,,,,,,,,,,,,,,,,,
Rwampara,2026-06-22,,225.0,37.0,,,,,,,,,,,,,,,,,,,,,,,,,,,,
Rwampara,2026-06-23,,225.0,37.0,,,,,,,,,,,,,,,,,,,,,,,,,,,,
Rwampara,2026-06-24,,237.0,40.0,,,,,,,,,,,,,,,,,,,,,,,,,,,,
Rwampara,2026-06-25,,258.0,43.0,,,,,,,,,,,,,,,,,,,,,,,,,,,,
Rwampara,2026-06-29,,295.0,60.0,,,,,,,,,,,,,,,,,,,,,,,,,,,,
Rwampara,2026-06-30,,301.0,61.0,,,,,,,,,,,,,,,,,,,,,,,,,,,,
Rwampara,2026-07-01,,308.0,63.0,,,,,,,,,,,,,,,,,,,,,,,,,,,,
Rwampara,2026-07-02,,322.0,67.0,,,,,,,,,,,,,,,,,,,,,,,,,,,,
Rwampara,2026-07-03,,333.0,69.0,,,,,,,,,,,,,,,,,,,,,,,,,,,,
Rwampara,2026-07-04,,344.0,71.0,,,,,,,,,,,,,,,,,,,,,,,,,,,,
Rwampara,2026-07-05,,349.0,72.0,,,,,,,,,,,,,,,,,,,,,,,,,,,,
Rwampara,2026-07-06,,357.0,75.0,,,,,,,,,,,,,,,,,,,,,,,,,,,,
Rwampara,2026-07-07,,364.0,76.0,,,,,,,,,,,,,,,,,,,,,,,,,,,,
Rwampara,2026-07-08,,370.0,80.0,,,,,,,,,,,,,,,,,,,,,,,,,,,,
Rwampara,2026-07-09,,373.0,83.0,,,,,,,,,,,,,,,,,,,,,,,,,,,,
Rwampara,2026-07-10,,384.0,89.0,,,,,,,,,,,,,,,,,,,,,,,,,,,,
Rwampara,2026-07-11,,393.0,90.0,,,,,,,,,,,,,,,,,,,,,,,,,,,,
Tchomia,2026-05-20,,,,,,,,,,,,,,,,,,,,,,,,,,291.0,291.0,0.0,0.0,291.0,291.0
Tchomia,2026-05-21,,,,,,,,,,,,,,,,,,,,,,,,,,130.0,130.0,0.0,0.0,130.0,130.0
Tchomia,2026-05-22,,,,1.0,,,,,,,,,,,,,,,1.0,,,,,,,148.0,167.0,19.0,19.0,167.0,148.0
Tchomia,2026-05-23,,,,,,,,,,,,,,,,,,,,,,,,,,148.0,167.0,19.0,19.0,167.0,148.0
Tchomia,2026-06-09,,2.0,0.0,,,,,,,,,,,,,,,,,,,,,,,,,,,,
Tchomia,2026-06-10,,2.0,0.0,,,,,,,,,,,,,,,,,,,,,,,,,,,,
Tchomia,2026-06-11,,2.0,0.0,,,,,,,,,,,,,,,,,,,,,,,,,,,,
Tchomia,2026-06-13,,2.0,0.0,,,,,,,,,,,,,,,,,,,,,,,,,,,,
Tchomia,2026-06-14,,2.0,0.0,,,,,,,,,,,,,,,,,,,,,,,,,,,,
Tchomia,2026-06-15,,2.0,0.0,,,,,,,,,,,,,,,,,,,,,,,,,,,,
Tchomia,2026-06-16,,5.0,,,,,,,,,,,,,,,,,,,,,,,,,,,,,
Tchomia,2026-06-17,,5.0,0.0,,,,,,,,,,,,,,,,,,,,,,,,,,,,
Tchomia,2026-06-18,,5.0,0.0,,,,,,,,,,,,,,,,,,,,,,,,,,,,
Tchomia,2026-06-19,,5.0,0.0,,,,,,,,,,,,,,,,,,,,,,,,,,,,
Tchomia,2026-06-20,,5.0,0.0,,,,,,,,,,,,,,,,,,,,,,,,,,,,
Tchomia,2026-06-21,,7.0,0.0,,,,,,,,,,,,,,,,,,,,,,,,,,,,
Tchomia,2026-06-22,,8.0,0.0,,,,,,,,,,,,,,,,,,,,,,,,,,,,
Tchomia,2026-06-23,,8.0,0.0,,,,,,,,,,,,,,,,,,,,,,,,,,,,
Tchomia,2026-06-24,,9.0,0.0,,,,,,,,,,,,,,,,,,,,,,,,,,,,
Tchomia,2026-06-25,,10.0,0.0,,,,,,,,,,,,,,,,,,,,,,,,,,,,
Tchomia,2026-06-29,,13.0,2.0,,,,,,,,,,,,,,,,,,,,,,,,,,,,
Tchomia,2026-06-30,,14.0,2.0,,,,,,,,,,,,,,,,,,,,,,,,,,,,
Tchomia,2026-07-01,,14.0,2.0,,,,,,,,,,,,,,,,,,,,,,,,,,,,
Tchomia,2026-07-02,,15.0,2.0,,,,,,,,,,,,,,,,,,,,,,,,,,,,
Tchomia,2026-07-03,,15.0,2.0,,,,,,,,,,,,,,,,,,,,,,,,,,,,
Tchomia,2026-07-04,,15.0,2.0,,,,,,,,,,,,,,,,,,,,,,,,,,,,
Tchomia,2026-07-05,,15.0,2.0,,,,,,,,,,,,,,,,,,,,,,,,,,,,
Tchomia,2026-07-06,,15.0,2.0,,,,,,,,,,,,,,,,,,,,,,,,,,,,
Tchomia,2026-07-07,,15.0,2.0,,,,,,,,,,,,,,,,,,,,,,,,,,,,
Tchomia,2026-07-08,,15.0,2.0,,,,,,,,,,,,,,,,,,,,,,,,,,,,
Tchomia,2026-07-09,,17.0,4.0,,,,,,,,,,,,,,,,,,,,,,,,,,,,
Tchomia,2026-07-10,,19.0,4.0,,,,,,,,,,,,,,,,,,,,,,,,,,,,
Tchomia,2026-07-11,,19.0,4.0,,,,,,,,,,,,,,,,,,,,,,,,,,,,
Vuhovi,2026-06-10,,1.0,1.0,,,,,,,,,,,,,,,,,,,,,,,,,,,,
Vuhovi,2026-06-11,,1.0,1.0,,,,,,,,,,,,,,,,,,,,,,,,,,,,
Vuhovi,2026-06-13,,1.0,1.0,,,,,,,,,,,,,,,,,,,,,,,,,,,,
Vuhovi,2026-06-14,,1.0,1.0,,,,,,,,,,,,,,,,,,,,,,,,,,,,
Vuhovi,2026-06-15,,1.0,1.0,,,,,,,,,,,,,,,,,,,,,,,,,,,,
Vuhovi,2026-06-16,,1.0,,,,,,,,,,,,,,,,,,,,,,,,,,,,,
Vuhovi,2026-06-17,,1.0,1.0,,,,,,,,,,,,,,,,,,,,,,,,,,,,
Vuhovi,2026-06-18,,1.0,1.0,,,,,,,,,,,,,,,,,,,,,,,,,,,,
Vuhovi,2026-06-19,,1.0,1.0,,,,,,,,,,,,,,,,,,,,,,,,,,,,
Vuhovi,2026-06-20,,1.0,1.0,,,,,,,,,,,,,,,,,,,,,,,,,,,,
Vuhovi,2026-06-21,,1.0,1.0,,,,,,,,,,,,,,,,,,,,,,,,,,,,
Vuhovi,2026-06-22,,1.0,1.0,,,,,,,,,,,,,,,,,,,,,,,,,,,,
Vuhovi,2026-06-23,,1.0,1.0,,,,,,,,,,,,,,,,,,,,,,,,,,,,
Vuhovi,2026-06-24,,1.0,1.0,,,,,,,,,,,,,,,,,,,,,,,,,,,,
Vuhovi,2026-06-25,,1.0,1.0,,,,,,,,,,,,,,,,,,,,,,,,,,,,
Vuhovi,2026-06-29,,1.0,1.0,,,,,,,,,,,,,,,,,,,,,,,,,,,,
Vuhovi,2026-06-30,,1.0,1.0,,,,,,,,,,,,,,,,,,,,,,,,,,,,
Vuhovi,2026-07-01,,1.0,1.0,,,,,,,,,,,,,,,,,,,,,,,,,,,,
Vuhovi,2026-07-02,,1.0,1.0,,,,,,,,,,,,,,,,,,,,,,,,,,,,
Vuhovi,2026-07-03,,1.0,1.0,,,,,,,,,,,,,,,,,,,,,,,,,,,,
Vuhovi,2026-07-04,,1.0,1.0,,,,,,,,,,,,,,,,,,,,,,,,,,,,
Vuhovi,2026-07-05,,1.0,1.0,,,,,,,,,,,,,,,,,,,,,,,,,,,,
Vuhovi,2026-07-06,,1.0,1.0,,,,,,,,,,,,,,,,,,,,,,,,,,,,
Vuhovi,2026-07-07,,1.0,1.0,,,,,,,,,,,,,,,,,,,,,,,,,,,,
Vuhovi,2026-07-08,,1.0,1.0,,,,,,,,,,,,,,,,,,,,,,,,,,,,
Vuhovi,2026-07-09,,1.0,1.0,,,,,,,,,,,,,,,,,,,,,,,,,,,,
Vuhovi,2026-07-10,,1.0,1.0,,,,,,,,,,,,,,,,,,,,,,,,,,,,
Vuhovi,2026-07-11,,1.0,1.0,,,,,,,,,,,,,,,,,,,,,,,,,,,,
Wamba,2026-07-10,,1.0,1.0,,,,,,,,,,,,,,,,,,,,,,,,,,,,
Wamba,2026-07-11,,1.0,1.0,,,,,,,,,,,,,,,,,,,,,,,,,,,,
